week_start,1INCH,AAVE,ACA,ACH,ADA,ADX,AEUR,AGLD,ALCX,ALGO,APE,APT,AR,ARB,ARK,ARKM,ARPA,ATA,AUCTION,AVAX,AXS,BAKE,BAL,BAT,BCH,BEAMX,BEL,BICO,BLUR,BNB,BNT,BTC,BTTC,CAKE,CELO,CELR,CFX,CHESS,CHR,CHZ,COMP,COS,CRV,CTK,CTXC,CVC,CVX,CYBER,DASH,DATA,DEGO,DENT,DEXE,DF,DGB,DIA,DODO,DOGE,DOT,DYDX,EGLD,ENJ,EOS,ETH,EUR,FET,FIDA,FIL,FIRO,FLM,FLOW,FLUX,FTT,FXS,GALA,GAS,GLMR,GMT,GMX,GNO,GNS,GRT,HARD,HIFI,HIGH,HOOK,ICP,ICX,ID,IDEX,ILV,IMX,INJ,IOST,IOTA,IOTX,JOE,JST,JTO,KAVA,KDA,KMD,KNC,KSM,LAZIO,LDO,LINK,LRC,LSK,LTC,LUNA,LUNC,MAGIC,MANA,MASK,MAV,MBOX,MDT,MEME,MINA,MKR,MLN,MOVR,MTL,NEAR,NEO,NEXO,NKN,NTRN,NULS,OGN,OM,ONE,ONT,OP,ORDI,OSMO,OXT,PAXG,PENDLE,PEOPLE,PEPE,PERP,PHB,PIVX,POLYX,POND,POWR,PROM,PUNDIX,PYR,QI,QNT,QUICK,RAD,RARE,RAY,RDNT,RIF,ROSE,RPL,RSR,RUNE,SAND,SANTOS,SC,SCRT,SEI,SFP,SHIB,SKL,SLP,SNX,SOL,SPELL,STORJ,STRAX,STX,SUI,SUN,SUPER,SXP,SYN,SYS,TFUEL,THETA,TIA,TLM,TRB,TRU,TRX,TUSD,USTC,VANRY,VET,VIC,VOXEL,VTHO,WAN,WAXP,WBETH,WBTC,WIN,WING,WLD,WOO,XEC,XLM,XNO,XTZ,YFI,YGG,ZIL,ZRX
2024-01-08,8,10,13,4,17,10,30,227,43,96,23,34,31,54,422,32,9,6,13,232,25,189,19,12,40,1209,4,9,210,63,39,57,25,72,7,6,17,10,57,7,6,21,17,65,69,21,62,948,47,69,39,33,32,19,5,52,7,5,51,33,78,5,15,50,2,28,20,114,9,21,7,8,32,1360,18,122,43,40,424,41,874,8,6,64,32,9,56,2,29,16,139,93,56,8,31,306,136,101,280,8,79,17,9,115,25,94,232,10,15,35,12,21,15,13,5,21,12,31,619,94,295,8,86,44,23,28,22,4,447,8,25,7,9,5,964,768,298,4,14,329,16,10,36,49,299,14,19,15,7,6,6,83,41,24,7,19,100,47,19,51,76,9,1704,30,11,59,6,335,34,28,51,26,32,262,18,69,38,145,57,10,89,9,42,11,11,23,1390,8,229,6,116,5,42,434,21,214,12,33,3,4,13,69,7,4,441,80,6,39,11,20,67,79,6,8
2024-01-15,7,7,10,5,15,6,25,208,37,81,24,20,19,50,251,26,5,7,13,145,22,158,10,12,29,970,3,7,169,59,39,43,22,68,3,6,19,5,72,9,3,21,16,60,64,21,59,826,32,67,32,21,16,13,3,55,4,3,32,23,69,5,11,30,4,24,15,83,5,18,4,7,22,1048,15,91,34,22,270,38,584,6,5,68,26,14,42,5,23,15,94,63,41,6,22,351,84,56,249,5,49,13,13,99,28,74,234,6,15,28,11,12,10,15,5,17,20,25,539,83,170,6,57,33,18,28,19,7,239,6,16,5,11,3,546,543,233,5,14,329,11,6,25,37,265,6,12,14,4,5,6,59,34,16,5,19,105,44,12,55,57,9,1341,29,7,63,5,333,28,24,25,26,18,183,17,53,36,123,46,7,78,7,32,13,11,29,1321,5,177,4,90,10,32,414,13,192,12,26,12,4,8,53,5,7,365,48,4,28,5,10,45,87,6,7
2024-01-22,3,3,12,3,15,9,27,171,46,68,13,26,14,37,381,29,3,3,17,168,16,146,6,11,42,861,4,3,134,53,31,56,24,68,5,3,18,5,76,10,5,19,17,36,82,23,62,602,34,57,41,20,24,10,2,48,6,5,44,23,64,4,11,30,4,21,11,87,7,26,5,7,29,1168,16,97,31,19,263,30,594,7,5,60,9,4,52,3,23,9,103,67,55,5,36,316,97,59,203,7,49,13,17,116,20,95,164,4,21,18,5,12,8,16,5,17,9,22,351,57,140,6,73,36,21,15,21,6,311,7,15,9,7,8,702,618,221,4,12,261,6,2,18,69,250,6,16,15,8,5,4,62,29,18,6,22,77,18,6,52,62,9,1252,25,7,27,5,301,13,18,44,25,18,235,13,81,41,131,48,4,65,6,39,10,9,25,1070,4,228,4,77,12,30,375,13,192,8,34,5,3,9,63,4,5,380,29,5,26,6,7,50,41,3,4
2024-01-29,7,10,9,8,22,10,38,247,40,91,25,44,14,43,316,36,5,2,11,218,14,120,9,14,40,832,4,4,143,59,40,54,15,70,5,4,15,8,67,4,5,19,25,53,75,21,86,687,29,57,40,25,19,11,2,51,5,6,38,21,71,4,9,41,7,32,12,87,5,34,3,5,22,1151,6,84,31,25,309,36,813,9,5,56,11,8,61,4,16,6,88,95,49,6,36,241,117,79,181,5,39,9,17,102,25,71,218,2,21,17,8,10,13,14,4,25,16,32,432,99,203,6,41,36,19,29,19,2,277,2,17,6,9,4,791,643,252,8,17,330,8,3,23,48,296,5,14,11,6,5,6,47,25,14,5,12,92,23,8,69,56,9,1263,23,6,41,4,288,26,21,28,25,15,243,8,98,47,137,58,6,46,10,23,7,8,25,1577,4,221,3,87,4,23,335,18,193,14,26,4,4,7,73,6,5,436,32,4,32,5,10,43,46,5,2
2024-02-05,4,16,21,6,29,8,36,299,44,134,19,33,24,60,417,62,4,7,13,156,21,185,11,15,36,1274,8,7,177,57,43,70,20,122,4,5,12,11,104,3,7,8,19,68,79,29,67,1155,41,74,47,35,23,16,6,50,7,8,64,34,85,6,11,55,13,33,15,135,6,38,5,7,31,1010,15,103,41,38,408,37,752,11,7,74,24,17,59,6,45,16,129,132,57,7,42,335,137,90,249,7,68,11,18,148,27,109,179,6,15,24,14,31,9,22,7,19,17,35,601,127,224,5,81,54,22,32,28,6,478,5,23,9,10,6,974,795,302,5,11,341,14,6,34,42,290,15,17,13,5,6,4,85,38,21,5,20,110,42,9,75,80,13,1676,39,4,43,4,338,29,25,48,32,26,326,17,80,50,147,52,7,70,14,36,18,15,31,1332,4,224,6,98,9,36,333,24,236,14,35,5,5,13,78,6,5,578,57,5,32,7,11,87,83,5,5
2024-02-12,9,12,16,8,35,9,27,258,54,138,47,36,29,65,458,59,12,9,21,240,25,219,17,17,65,2000,7,9,235,76,52,79,22,127,8,8,26,8,118,9,10,26,20,84,81,41,94,1400,57,112,59,30,35,20,5,56,11,8,68,48,101,12,15,52,4,41,16,181,9,49,8,13,25,1087,24,125,65,58,545,53,1011,14,9,91,41,19,68,12,41,21,164,136,57,8,45,398,187,124,388,9,78,15,24,148,31,158,255,8,18,29,16,29,12,25,7,20,30,51,904,82,282,9,96,61,27,50,27,10,577,8,26,10,19,6,1096,825,308,7,15,352,18,11,38,61,389,14,14,19,9,9,16,81,41,23,8,25,109,56,20,84,99,22,2033,48,7,63,7,487,35,33,70,42,35,310,29,83,52,208,71,7,120,22,31,18,14,53,1399,12,256,4,98,9,40,526,24,252,18,46,6,5,21,88,9,9,644,72,9,48,9,20,101,89,10,9
2024-02-19,7,12,13,10,27,8,30,218,48,145,27,41,34,63,370,68,8,7,13,176,18,190,13,17,46,1656,4,7,195,69,47,59,23,106,8,6,22,6,81,6,7,25,19,77,87,29,97,1255,51,70,42,25,29,13,4,56,8,11,59,29,77,5,12,45,4,46,13,201,6,40,7,7,33,1116,20,103,49,41,544,31,829,18,7,110,31,19,55,7,30,19,131,106,55,8,34,441,153,93,256,9,60,11,17,153,19,124,208,5,17,28,15,25,8,19,8,23,23,65,842,100,190,5,79,47,15,39,20,4,466,5,23,6,11,3,1123,804,363,12,15,326,11,8,31,76,299,17,14,19,6,6,4,80,32,17,5,32,117,59,16,69,85,14,1395,32,8,44,6,338,26,19,46,31,34,275,20,86,49,199,57,5,84,19,26,20,19,48,1316,7,222,7,69,9,54,593,18,225,14,41,8,5,10,74,9,4,679,85,3,41,7,10,98,72,7,7
2024-02-26,5,12,23,8,34,8,42,279,50,207,34,45,39,79,497,83,8,11,15,290,25,186,16,15,73,1681,8,4,160,86,52,63,31,138,11,4,23,12,66,5,8,17,28,88,73,35,88,1219,56,81,47,36,35,16,4,50,3,10,67,38,87,6,13,64,6,46,20,149,9,41,7,13,33,1268,30,140,61,50,616,46,761,20,7,96,27,17,80,9,40,16,163,95,61,3,47,513,169,91,373,3,89,8,25,162,23,124,320,9,25,38,18,26,12,28,7,25,20,47,1000,105,251,9,91,65,33,51,27,8,418,9,27,10,18,6,1144,1131,425,9,23,392,25,8,36,67,376,17,20,18,8,6,6,89,41,22,10,22,128,50,13,132,108,15,1666,37,7,56,11,410,34,33,75,36,31,366,28,93,73,194,58,7,92,11,33,21,21,52,1528,7,284,13,88,13,56,471,22,269,12,46,3,3,8,81,7,6,675,82,9,47,6,14,102,109,5,9
2024-03-04,9,16,16,8,27,8,37,298,58,147,34,41,38,54,523,67,12,8,9,270,27,201,12,23,58,1618,6,8,190,69,53,82,21,125,7,5,22,6,75,7,6,26,36,69,75,32,78,1064,62,88,53,28,31,16,6,59,5,7,58,38,78,10,17,65,2,43,17,185,10,53,9,6,37,1217,23,104,56,41,463,50,820,19,10,103,33,20,63,8,34,16,138,113,60,8,39,480,141,109,341,8,73,15,23,130,25,111,275,9,19,32,16,34,13,27,8,24,28,39,1005,107,218,8,81,48,26,40,22,10,448,8,29,8,17,6,918,783,354,9,14,248,21,6,37,73,326,16,17,21,9,7,8,97,31,20,8,22,122,54,16,111,102,12,1757,41,9,49,8,442,30,28,44,45,29,392,22,96,56,168,55,9,95,20,36,23,17,56,1696,6,227,8,108,9,41,572,21,268,12,39,7,8,16,102,6,8,572,65,11,40,7,15,98,69,9,8
2024-03-11,2,10,13,9,22,9,38,211,50,118,18,46,25,51,405,51,12,7,9,286,21,187,14,13,53,964,6,5,157,87,43,81,16,113,4,4,22,11,72,5,5,26,16,81,44,22,73,928,42,71,55,27,29,19,9,56,6,6,56,20,94,3,12,52,3,39,23,107,8,37,5,10,28,911,25,137,44,36,389,34,654,12,7,67,17,12,55,6,34,11,119,81,60,4,36,347,176,95,326,4,60,15,14,114,26,90,184,8,10,22,10,9,10,17,4,17,22,38,538,84,224,8,74,41,29,30,27,8,355,7,20,8,12,7,811,695,324,6,16,254,11,9,37,39,331,10,20,19,9,6,9,87,51,23,7,21,141,42,14,65,86,12,1715,36,7,35,10,327,24,25,43,27,18,307,19,69,51,145,57,7,55,8,31,13,14,37,1335,5,229,7,78,12,23,476,14,229,15,33,6,5,12,101,6,9,556,61,6,36,7,13,68,61,5,11
2024-03-18,1,5,10,4,12,10,38,119,36,48,7,44,25,33,229,30,4,7,7,139,15,105,5,10,46,707,4,3,102,50,15,53,14,69,2,3,30,6,49,2,3,15,8,47,39,17,40,893,26,47,36,19,33,9,4,41,2,4,30,14,30,2,8,30,1,26,10,87,6,16,0,8,34,607,14,66,25,17,254,22,562,11,4,93,5,9,50,4,28,9,58,50,20,2,18,292,167,63,163,4,33,7,6,52,17,101,174,3,6,20,18,14,8,13,4,7,12,15,295,50,187,5,30,38,21,14,15,4,155,6,14,5,8,2,828,467,257,4,17,250,6,2,20,26,209,9,10,10,4,1,4,42,31,17,8,14,83,22,10,41,55,15,1087,23,7,24,5,179,14,15,37,14,14,210,8,48,20,185,58,6,53,2,26,11,7,25,845,3,155,5,125,4,25,272,7,180,8,16,6,4,5,56,7,5,351,30,3,23,4,5,38,55,2,6
2024-03-25,4,8,11,6,20,11,32,197,41,111,19,45,31,36,339,42,5,6,14,140,21,155,11,12,44,939,5,6,179,70,40,49,19,99,5,7,22,7,65,6,3,21,13,73,50,24,61,1071,46,57,32,22,27,12,5,43,6,7,35,23,52,4,11,43,4,38,17,115,7,35,6,5,21,794,18,103,32,46,309,35,597,11,4,100,26,12,73,6,28,9,93,87,44,6,28,340,135,97,267,7,54,13,6,92,26,100,182,5,20,31,14,14,10,16,6,22,19,33,554,53,233,7,55,44,17,37,19,10,336,8,14,8,12,5,840,752,316,8,15,383,12,9,34,37,334,16,15,16,9,6,6,59,30,17,9,17,98,37,15,49,62,22,1437,28,8,41,4,247,22,27,51,17,28,249,16,72,15,146,44,6,57,12,22,13,11,29,1168,5,240,9,72,7,30,312,20,185,19,26,7,5,10,54,5,8,416,56,4,33,6,12,61,111,5,6
2024-04-01,3,9,10,3,9,8,33,269,36,54,15,21,21,43,237,26,7,7,10,156,14,111,8,10,53,809,6,6,117,57,20,47,16,71,4,5,11,9,56,4,2,19,18,99,46,22,42,1114,42,47,33,21,17,13,5,41,4,2,30,27,36,1,9,36,3,23,11,68,7,28,2,7,16,811,11,63,24,31,322,27,671,7,4,75,29,10,46,0,19,10,78,57,38,2,16,355,95,68,267,2,54,12,15,66,30,102,155,6,14,32,7,7,7,7,6,17,15,28,421,60,232,7,53,50,24,27,23,11,245,8,25,6,8,2,678,683,262,4,11,429,10,5,27,26,179,6,14,8,9,6,8,56,25,18,6,19,76,30,13,47,72,9,1248,21,7,31,6,179,17,21,51,13,13,188,11,44,40,155,38,4,44,7,36,9,9,19,688,5,125,7,88,9,13,299,14,160,13,25,4,2,6,50,3,6,314,31,4,28,4,9,52,85,2,4
2024-04-08,6,13,15,4,24,7,54,188,61,105,22,23,22,56,302,41,8,9,14,191,30,144,11,21,61,1328,9,6,167,81,42,55,20,93,8,8,16,19,57,5,7,22,16,78,53,24,52,1009,54,61,45,33,17,14,5,53,6,6,58,30,51,7,12,51,8,24,21,113,8,56,5,7,36,988,18,144,36,46,424,37,631,10,8,82,32,11,62,6,28,14,134,79,50,9,32,347,128,101,272,4,73,10,17,99,32,106,228,6,20,18,12,17,12,11,4,16,19,30,709,78,179,10,63,57,31,63,24,3,334,9,29,10,12,7,908,814,323,6,19,389,9,7,41,55,253,12,28,16,8,8,6,61,49,25,6,26,90,37,10,82,76,15,1501,33,7,36,8,264,34,24,59,22,19,319,15,73,40,132,40,4,60,9,34,16,18,44,1213,5,185,7,136,6,32,298,25,200,15,28,8,5,11,62,5,9,421,46,5,30,7,12,78,83,5,6
2024-04-15,2,4,9,7,12,5,21,109,19,40,15,11,16,15,152,25,6,7,5,74,14,77,9,6,24,1146,4,0,53,54,23,59,7,53,6,1,6,5,28,3,1,15,5,58,38,20,45,310,26,50,22,8,13,9,6,33,0,6,30,16,42,2,7,19,1,15,5,51,7,16,1,7,23,437,15,76,24,16,261,37,587,7,5,47,20,2,39,0,26,12,69,46,31,2,12,127,46,49,242,1,36,10,6,56,19,56,121,6,16,16,4,11,9,8,1,10,12,19,305,48,131,6,32,29,16,29,16,7,155,5,14,4,6,5,396,323,174,2,14,203,12,5,22,49,159,8,8,4,3,5,7,37,20,15,1,14,52,18,6,38,57,10,1031,23,5,34,6,260,36,14,40,19,12,181,10,39,43,100,42,7,56,1,26,10,13,17,1375,2,155,6,82,6,23,181,12,111,9,29,1,2,3,70,4,7,449,13,2,24,4,9,45,49,1,4
2024-04-22,4,10,10,6,18,6,33,144,33,99,18,18,39,23,489,49,2,6,3,119,15,95,6,10,23,859,2,3,111,56,23,49,15,68,4,4,13,8,42,4,2,22,11,58,48,20,52,593,25,58,27,20,20,7,4,27,4,3,46,14,47,2,11,32,2,20,11,71,3,20,3,4,25,553,12,86,20,23,268,22,473,11,4,55,25,6,48,3,24,7,83,69,24,4,31,290,84,62,170,3,31,7,11,70,14,50,154,3,13,21,6,9,10,21,8,8,19,21,440,69,129,3,49,41,28,36,20,3,185,5,15,5,5,8,604,378,234,4,10,238,7,6,23,31,163,9,13,16,4,5,7,58,23,16,1,16,82,22,4,39,55,6,1045,24,7,40,4,295,20,16,31,20,19,185,12,50,32,131,30,4,42,9,14,8,10,31,932,5,207,2,76,2,20,318,15,134,10,25,5,2,8,51,4,6,344,41,2,26,5,8,59,46,3,6
2024-04-29,4,8,14,3,15,9,26,153,41,58,22,18,27,36,210,43,8,8,9,166,20,117,14,11,41,766,3,4,143,70,26,44,13,79,4,2,14,7,45,5,3,17,12,59,43,21,49,794,33,49,38,19,18,13,4,40,5,7,44,24,56,4,17,46,4,20,13,96,8,21,5,9,25,689,17,72,31,21,276,27,451,11,6,55,44,9,43,1,29,9,100,76,34,4,19,229,91,62,339,4,51,16,10,97,24,113,163,8,20,24,6,13,11,12,4,14,22,24,349,61,170,10,57,32,23,23,28,9,244,6,20,9,12,5,975,529,241,4,13,285,12,9,29,28,179,11,18,12,7,5,11,62,33,20,5,18,76,38,12,30,63,6,1117,27,4,35,9,293,26,21,34,28,23,204,13,41,26,130,38,6,46,9,29,8,11,29,1141,3,319,4,100,9,33,259,14,93,17,34,4,3,9,54,4,11,453,35,4,27,4,13,60,55,4,5
2024-05-06,1,5,16,3,16,9,37,125,45,52,18,25,30,41,327,55,10,9,8,143,24,167,14,15,32,735,6,2,116,63,24,42,12,65,4,5,11,13,46,5,3,14,10,62,70,24,68,719,35,55,46,23,18,17,6,42,4,6,46,28,64,3,14,36,3,15,16,61,11,28,3,11,29,853,22,64,29,23,359,28,674,7,6,63,29,14,49,3,22,17,95,78,40,2,23,238,102,53,399,2,47,12,13,94,26,68,192,9,20,32,9,13,9,14,5,16,22,22,402,82,158,10,68,48,22,20,26,9,236,11,28,9,12,3,564,500,228,5,9,205,15,10,26,64,174,9,23,11,11,2,10,81,34,20,9,28,80,34,13,40,69,9,1413,30,6,19,10,212,21,15,36,27,17,223,15,55,24,81,49,6,65,13,28,9,8,25,937,2,256,3,81,10,44,317,14,162,13,31,2,2,5,54,2,9,369,23,1,31,4,12,73,57,3,3
2024-05-13,6,9,17,6,25,11,31,170,49,100,29,22,28,47,373,41,10,13,8,207,26,154,15,10,47,1193,6,6,141,56,39,60,18,81,6,5,10,5,84,4,2,19,9,68,64,23,61,843,46,65,46,23,21,15,4,54,3,5,54,30,59,5,16,35,6,28,9,107,9,23,5,9,23,813,24,76,48,31,515,33,782,9,7,77,34,10,54,5,37,17,109,105,43,3,35,300,104,75,459,4,67,18,10,148,28,114,257,13,15,31,6,19,20,17,7,25,19,34,742,93,201,10,65,47,28,20,26,14,273,10,23,11,16,3,724,741,307,4,15,294,21,6,35,70,249,13,15,17,9,5,11,78,40,22,6,17,117,42,17,45,59,9,1238,33,6,54,12,303,27,25,52,36,26,290,21,71,47,142,53,5,70,8,36,14,17,27,1303,2,199,6,87,12,41,392,22,186,19,33,6,3,9,74,6,12,447,34,6,35,7,16,86,61,4,9
2024-05-20,7,18,14,4,23,8,37,192,48,102,22,34,24,60,353,40,5,4,16,190,23,161,17,17,56,1321,5,8,219,66,45,80,23,101,8,6,16,10,66,8,7,17,23,63,63,21,77,1119,47,84,37,27,20,10,5,34,6,7,53,33,55,6,11,51,6,29,18,135,4,39,8,4,28,912,19,109,44,47,423,32,680,15,7,102,27,6,50,7,21,10,120,85,51,9,36,351,131,81,221,7,71,9,20,115,21,133,228,6,12,32,12,14,9,26,6,16,16,27,673,97,191,4,56,44,27,33,24,6,360,3,18,8,10,4,1038,697,293,3,15,339,15,6,28,39,257,13,13,11,4,6,5,49,34,18,5,21,121,56,13,69,66,17,1259,45,9,46,5,357,27,24,46,28,33,287,16,76,54,146,39,6,56,15,29,12,14,39,1206,7,263,7,100,8,35,330,18,232,14,36,8,8,14,93,6,5,486,78,7,38,8,12,82,82,7,3
2024-05-27,9,11,16,3,20,9,28,335,36,122,21,30,36,40,407,50,8,10,19,176,20,155,9,9,43,1354,8,4,158,58,41,73,16,92,6,3,14,7,48,8,8,22,21,71,64,21,70,1136,40,69,34,26,22,14,6,51,5,3,50,27,68,5,11,39,5,22,8,110,5,40,5,8,32,1143,19,106,55,52,582,34,806,8,6,85,40,13,44,8,26,17,150,79,47,5,30,421,136,85,313,5,61,16,24,125,26,102,291,9,16,25,13,19,18,26,6,26,24,39,623,97,178,6,64,44,18,32,17,10,398,7,19,8,11,4,747,823,327,10,15,279,19,6,32,45,249,10,16,14,8,3,7,73,29,17,8,22,100,61,14,86,76,13,1328,38,7,31,9,328,23,23,32,35,20,259,16,65,47,146,40,6,55,7,40,17,13,33,1777,8,239,6,102,6,45,372,15,224,11,28,7,3,9,82,5,9,437,54,7,33,6,11,77,69,2,5
2024-06-03,6,11,9,6,32,7,45,358,49,117,25,36,24,49,419,55,5,6,13,220,23,173,11,15,43,967,9,4,159,80,41,60,22,97,7,5,20,14,71,8,7,19,25,79,61,34,64,979,44,68,42,27,36,13,4,42,7,8,55,25,78,4,13,49,7,22,26,147,5,34,6,7,33,1145,17,107,42,39,618,33,922,8,4,74,18,12,64,6,29,10,132,96,60,5,35,343,117,84,265,9,63,14,16,119,27,93,234,5,13,21,13,20,12,24,6,27,24,28,619,93,195,6,71,41,24,35,27,5,412,6,23,17,11,9,785,722,277,6,13,298,15,6,31,45,251,15,19,17,5,8,10,69,35,21,4,25,129,39,13,80,74,10,1449,43,7,47,4,339,32,22,53,45,17,264,22,82,51,164,66,9,59,12,22,9,8,38,1213,5,260,10,127,8,31,372,17,262,17,27,4,5,11,71,9,7,597,54,7,41,9,9,87,69,5,4
2024-06-10,5,10,10,5,22,7,30,237,35,85,20,36,25,27,586,33,5,4,16,193,16,173,12,15,42,896,4,9,152,40,39,70,24,102,4,3,19,8,41,6,5,17,23,76,66,27,81,687,42,61,35,25,19,14,5,50,3,5,62,22,67,5,11,45,5,25,16,83,7,18,4,5,27,934,7,84,29,27,335,26,785,9,4,86,24,7,64,7,20,13,108,72,52,5,29,269,113,78,237,5,61,10,28,91,24,93,184,6,15,30,8,12,8,20,8,18,15,32,443,67,160,3,55,38,18,21,21,3,266,5,16,8,7,9,748,729,257,6,14,306,13,6,25,35,203,13,15,16,8,7,6,64,31,24,6,22,83,40,11,126,95,9,1290,30,7,50,6,263,36,19,42,17,20,276,14,65,45,184,55,6,50,14,38,12,10,26,1169,5,230,10,114,11,28,362,19,225,11,32,7,3,9,78,4,3,404,39,6,29,7,13,81,61,3,2
2024-06-17,3,11,11,6,22,8,26,113,40,84,17,26,30,37,358,44,3,4,9,215,14,168,6,8,42,680,4,4,115,52,39,54,20,84,1,3,14,8,47,2,3,8,19,98,53,18,94,687,37,56,27,15,13,11,2,38,3,8,47,14,63,2,7,34,5,22,11,79,5,22,1,8,32,940,11,114,42,27,383,28,515,11,5,61,20,11,40,3,24,10,109,77,41,4,29,244,109,87,208,5,55,7,10,90,14,113,197,5,16,27,10,17,7,11,5,17,11,39,566,67,241,5,40,43,18,26,21,4,382,6,12,7,6,4,669,709,276,3,12,290,10,4,21,33,308,10,11,13,9,5,5,65,33,14,4,15,85,27,8,49,57,6,1132,15,5,40,4,253,28,15,37,12,20,235,9,48,33,99,46,6,49,7,28,7,12,26,945,4,315,6,77,9,36,300,11,177,9,23,3,3,5,66,4,6,447,45,6,36,7,6,75,52,3,4
2024-06-24,6,12,12,6,27,7,25,152,38,95,29,30,23,31,383,45,4,4,15,195,16,145,10,12,40,1046,6,4,128,51,35,64,20,79,5,5,14,7,59,3,5,17,19,51,51,22,100,735,47,59,31,29,19,13,4,40,6,4,46,27,69,4,12,33,6,34,13,89,6,18,5,6,25,893,11,106,41,27,394,29,632,8,6,71,21,8,36,6,26,14,86,72,46,6,31,284,119,88,233,5,47,10,14,102,17,128,242,7,17,20,11,16,11,17,7,13,17,28,632,72,183,6,53,50,20,31,16,7,366,9,15,4,7,5,755,685,280,5,11,265,14,6,31,40,264,9,20,17,6,5,5,53,30,17,7,16,118,40,7,75,72,10,1250,29,5,46,4,227,29,18,33,27,27,281,14,61,39,124,40,6,57,6,26,11,16,27,1060,5,284,4,90,7,35,268,16,228,12,30,4,4,12,80,7,7,419,38,2,30,5,11,94,37,3,2
2024-07-01,6,15,8,7,23,6,24,180,36,114,21,31,25,41,448,31,3,5,8,206,20,148,11,12,38,956,4,3,152,67,40,74,31,100,6,5,20,5,81,6,9,19,19,67,48,29,67,921,56,56,33,22,14,11,6,31,6,7,60,33,74,5,10,47,7,31,9,138,7,35,4,8,25,797,18,98,41,38,394,28,754,9,3,69,18,8,49,7,25,11,106,84,51,7,27,362,118,103,243,6,56,11,16,137,17,91,227,5,17,21,10,15,12,24,6,19,22,32,566,88,181,8,59,44,23,23,24,5,269,8,16,9,12,5,778,633,239,5,11,221,11,5,30,42,208,8,11,17,3,7,6,58,28,14,11,16,101,38,8,76,63,10,1295,32,7,39,6,306,41,22,42,27,21,283,16,72,44,111,47,9,51,11,27,10,12,36,1348,5,207,6,118,5,32,340,21,180,9,35,6,5,12,85,5,5,565,51,8,49,7,14,99,69,5,6
2024-07-08,5,11,9,5,24,8,23,161,34,97,11,32,27,39,269,30,5,4,9,178,14,206,9,7,38,919,5,5,109,57,31,65,16,74,5,4,12,4,77,3,7,18,18,51,77,22,61,644,49,53,29,19,19,9,5,37,5,5,48,29,91,3,10,53,5,30,11,129,7,32,2,4,22,810,8,67,32,33,340,29,712,11,8,81,11,9,56,6,22,13,112,85,41,3,21,260,108,70,169,6,45,9,20,97,19,100,185,4,9,17,6,11,10,21,2,10,13,23,390,72,190,7,59,36,25,21,13,3,287,6,14,8,7,4,921,659,296,5,17,242,14,5,26,31,184,12,9,16,5,6,3,61,27,16,5,13,98,30,7,46,73,14,1207,25,3,40,4,355,30,22,32,21,13,246,8,83,54,132,45,5,50,8,25,8,8,32,1508,2,173,6,58,9,29,283,17,213,5,25,3,4,10,75,7,4,416,39,4,34,6,10,51,57,4,6
2024-07-15,5,9,22,11,27,7,24,290,38,115,25,41,25,57,424,54,8,9,15,223,21,152,12,11,43,1525,9,6,182,58,48,68,22,100,7,11,11,9,73,5,6,19,14,78,63,32,79,1129,71,86,42,31,22,16,4,40,7,7,50,29,76,4,14,43,5,35,14,132,9,43,8,8,28,1421,20,106,43,40,437,36,790,13,4,96,34,12,79,10,26,14,126,102,64,7,39,516,132,93,317,3,73,12,18,117,23,106,233,7,18,23,17,24,16,29,8,25,19,23,662,97,318,6,84,45,21,50,23,8,498,6,24,10,14,8,915,845,332,10,16,254,20,8,31,56,264,18,14,23,7,9,6,64,36,19,6,21,100,42,14,86,74,12,1583,42,6,53,7,396,35,23,54,35,26,327,20,100,48,171,58,4,79,14,30,11,14,45,1703,5,229,8,74,6,55,396,18,303,13,28,8,7,16,84,9,7,485,66,6,49,7,12,72,70,5,9
2024-07-22,6,9,14,8,22,7,31,155,47,81,21,33,25,36,393,37,8,6,17,181,26,117,12,13,39,993,7,4,144,66,29,72,31,91,5,5,27,11,51,4,7,20,18,76,57,24,113,906,44,57,42,32,27,18,3,40,5,8,45,33,56,4,12,46,3,21,17,115,11,24,6,8,28,987,20,97,32,28,449,37,838,11,9,91,12,10,68,5,27,15,134,83,53,5,27,290,117,81,341,4,53,12,13,102,26,93,183,6,18,33,11,19,13,19,8,22,18,36,595,87,244,7,66,47,24,33,26,9,435,6,29,5,14,6,778,838,213,6,14,279,11,4,41,37,262,15,19,15,12,10,7,79,32,22,10,21,115,49,15,66,56,12,1531,35,11,54,12,318,25,24,56,24,25,263,19,64,64,149,46,7,86,8,25,11,11,28,790,3,194,5,102,8,37,325,18,237,13,35,4,4,12,79,5,6,519,58,6,34,6,12,76,64,4,7
2024-07-29,4,10,20,2,33,11,43,192,43,113,28,28,24,48,403,23,8,8,21,189,29,181,17,16,58,1093,6,5,164,78,42,76,29,108,6,5,20,10,59,4,5,15,27,75,85,20,112,683,67,60,44,26,18,17,4,53,11,3,65,39,83,5,22,53,7,22,15,114,10,33,6,11,37,1551,23,98,46,38,496,45,645,11,6,137,12,10,60,3,24,18,108,64,40,4,25,294,102,85,422,3,61,17,12,140,26,104,246,9,15,29,13,11,16,18,8,21,21,37,570,69,251,11,58,41,26,26,30,10,346,10,26,11,16,6,653,685,256,6,13,296,15,8,35,40,344,8,17,20,9,5,11,65,48,23,7,23,108,57,25,81,80,9,1232,39,7,35,10,312,39,26,62,32,27,312,18,112,51,158,49,7,53,12,32,10,11,42,1495,3,206,2,115,10,26,298,23,227,17,31,4,4,12,97,6,13,426,48,8,43,6,15,77,79,2,6
2024-08-05,2,9,13,4,15,11,24,118,29,74,16,29,14,39,330,35,7,7,9,140,15,186,12,11,32,874,3,5,120,48,39,50,18,64,5,4,13,7,33,2,5,11,18,57,79,20,68,634,42,54,39,20,21,12,6,32,5,5,38,21,61,3,11,47,3,25,10,92,6,17,5,8,31,706,12,80,37,22,310,31,513,11,8,79,18,8,35,3,18,15,93,54,35,3,24,213,83,81,276,1,50,11,8,83,15,81,138,6,20,16,8,11,11,20,5,17,20,34,520,77,138,6,47,40,18,19,19,7,300,10,15,9,12,4,758,497,257,4,12,252,9,7,32,26,207,11,10,12,7,5,8,60,28,17,7,22,92,27,15,44,56,7,940,27,7,34,7,327,25,19,36,28,19,212,14,56,53,130,44,5,62,6,27,9,9,26,1297,3,181,3,95,10,26,228,16,159,12,29,6,4,9,56,3,6,340,19,4,32,6,10,70,56,2,6
2024-08-12,6,10,11,3,18,5,28,180,44,89,21,38,19,34,260,38,6,7,12,127,23,242,12,16,41,662,7,7,186,57,36,61,19,72,3,6,11,6,53,4,9,23,29,62,57,17,72,661,54,54,29,19,25,10,5,39,6,3,40,32,54,8,16,34,3,23,13,75,5,23,4,5,21,870,18,66,32,34,373,31,517,6,11,84,22,13,37,3,17,10,116,60,51,6,19,243,78,83,285,9,51,11,9,101,19,99,146,7,15,21,6,14,11,18,3,24,22,40,406,52,129,8,67,38,17,22,21,6,339,9,18,7,13,3,749,725,218,5,18,246,8,5,38,28,213,7,13,13,5,7,6,72,36,16,7,20,72,30,14,37,57,13,1603,32,8,39,4,280,32,15,37,24,25,242,22,67,45,133,60,7,63,12,36,8,11,33,1334,7,197,6,95,10,25,252,14,142,15,21,6,6,13,73,6,7,288,43,4,28,7,11,74,50,6,4
2024-08-19,6,14,18,6,27,7,41,266,57,142,26,58,29,58,391,48,9,6,13,250,17,127,14,19,38,1247,11,7,181,60,45,73,32,107,7,8,15,16,76,6,8,19,22,75,78,27,78,1003,39,81,63,31,26,14,5,63,7,4,52,33,85,7,17,48,6,41,18,148,6,33,5,9,32,922,27,120,49,48,487,36,815,14,7,88,21,12,68,9,31,19,114,109,57,4,32,424,155,120,293,5,71,16,21,122,22,100,242,8,15,22,16,21,13,20,4,17,21,33,642,92,206,9,90,51,21,36,19,9,468,7,25,9,13,4,924,841,394,9,12,269,13,8,30,60,403,14,12,17,6,5,6,103,35,21,8,20,98,45,14,79,103,20,1454,36,6,51,10,373,34,29,35,33,34,239,22,92,51,166,45,8,60,10,32,12,15,40,1284,8,248,7,103,9,50,402,22,268,22,37,6,4,15,86,14,7,548,58,7,43,6,12,88,72,5,8
2024-08-26,3,12,15,3,17,11,46,163,48,85,20,55,20,42,214,37,6,7,10,166,24,137,6,16,22,932,5,2,128,64,32,48,27,67,5,5,9,9,59,4,5,19,12,59,66,15,90,832,41,69,48,23,23,12,7,44,4,5,42,16,77,3,12,34,6,35,14,89,7,33,4,7,26,780,19,68,34,44,423,29,539,4,11,55,9,8,48,5,19,14,87,125,23,2,19,380,95,72,242,3,61,14,11,93,24,88,215,3,8,26,7,9,7,17,4,19,15,33,347,81,141,9,59,24,27,31,24,4,251,7,26,4,10,1,763,576,337,4,17,290,18,5,26,39,285,5,17,11,6,6,10,61,38,24,6,19,89,49,6,61,65,10,1448,36,8,35,5,272,24,18,32,25,14,249,11,60,49,103,47,12,76,5,26,5,11,34,1093,3,227,3,87,7,28,225,12,281,12,26,6,2,5,58,5,10,422,25,8,33,4,8,71,62,2,3
2024-09-02,5,16,11,1,24,7,31,101,38,111,25,30,26,56,228,37,3,3,15,133,16,124,9,13,42,584,7,5,153,52,31,56,21,51,2,6,10,6,42,5,5,20,17,43,49,21,68,446,44,77,32,20,22,7,4,43,6,3,45,27,53,5,11,48,2,26,11,66,7,23,4,6,25,788,14,56,34,40,275,31,541,3,10,54,11,10,43,3,11,12,71,65,26,4,35,201,78,90,195,5,48,9,15,97,19,86,175,5,10,27,3,6,12,10,5,14,13,33,360,47,148,4,55,29,20,12,18,3,230,6,12,4,10,1,792,645,297,6,16,184,7,3,29,32,171,6,12,15,4,7,5,41,33,17,7,13,64,45,6,28,60,7,1214,27,8,38,4,221,43,23,29,19,16,188,14,55,54,98,43,8,69,6,23,7,9,28,986,6,229,2,101,5,18,251,10,299,13,26,6,5,12,63,8,5,328,34,4,39,7,12,46,43,4,3
2024-09-09,4,11,14,8,24,7,31,170,48,97,30,31,19,42,330,45,5,5,12,181,15,137,11,12,27,1146,5,5,164,60,27,58,17,102,8,4,15,7,54,5,7,19,17,84,64,30,72,810,38,84,27,19,24,8,6,51,4,6,47,24,50,5,12,41,2,22,16,108,4,24,5,7,26,887,13,74,54,27,305,31,547,5,7,74,14,8,48,3,22,16,118,75,40,7,31,361,117,67,220,5,61,8,20,111,17,77,200,6,23,21,17,26,10,16,4,14,13,28,564,66,201,8,73,39,16,28,17,5,366,6,20,6,8,3,716,758,273,4,16,209,14,4,31,39,229,9,14,20,4,6,5,77,40,18,7,18,95,41,10,90,59,11,1360,30,8,33,8,361,31,24,31,20,23,218,17,75,48,135,42,5,39,10,29,10,15,33,1266,3,182,7,79,10,55,329,13,255,10,31,6,4,12,74,6,5,463,62,5,45,5,9,69,64,5,8
2024-09-16,4,14,14,6,22,10,41,228,47,115,29,40,24,56,518,55,7,6,16,214,23,211,8,18,39,1397,8,7,175,71,44,73,18,123,8,8,15,13,75,8,6,27,22,90,74,31,94,1063,53,87,44,32,27,11,6,46,10,5,49,23,92,6,11,51,2,35,14,124,5,35,4,6,39,1171,19,121,53,40,451,41,707,15,6,115,24,12,68,12,38,12,130,108,60,6,32,398,151,82,249,7,82,11,18,133,21,113,235,7,23,32,15,17,15,27,6,21,17,38,665,113,181,8,85,53,26,31,29,6,430,7,25,9,14,10,924,872,478,7,14,330,13,5,35,46,303,17,12,23,6,10,5,86,42,29,10,12,104,50,11,88,95,13,1748,34,9,47,10,395,25,25,51,28,31,291,18,95,60,197,59,6,76,12,39,10,15,35,1535,5,263,6,100,9,34,336,21,255,10,31,5,5,13,84,7,5,450,69,8,40,6,13,73,87,6,11
2024-09-23,7,10,17,8,24,10,38,257,54,118,31,47,30,53,348,69,9,8,13,216,26,178,14,15,47,1337,6,7,199,65,40,61,24,117,10,5,17,12,77,6,7,25,18,72,70,24,90,1085,67,87,51,26,35,12,6,60,8,8,48,34,77,7,13,54,2,39,15,137,8,32,7,6,34,1117,18,119,49,60,463,53,775,15,9,105,23,14,70,10,38,16,163,88,55,4,40,481,149,101,301,6,60,18,18,113,27,119,279,6,17,20,17,21,14,24,6,23,18,41,775,111,207,9,104,55,19,47,21,7,400,9,24,11,10,3,869,781,350,5,21,347,16,5,37,54,321,16,19,20,7,8,9,85,40,20,6,19,106,44,14,114,88,12,1704,39,9,57,9,369,25,30,51,34,29,345,22,89,61,165,64,6,97,13,35,9,17,41,1523,7,281,6,104,14,45,394,19,287,16,31,7,9,12,72,10,9,590,47,7,49,9,13,91,82,6,7
2024-09-30,4,11,11,6,15,10,34,200,40,100,19,38,17,39,584,51,3,2,11,193,18,132,12,15,26,895,4,5,141,49,44,55,18,88,5,6,26,7,44,5,4,23,14,64,63,32,80,694,38,73,48,25,24,12,3,39,5,4,38,16,53,3,8,45,4,22,15,75,4,31,4,5,31,974,16,125,32,37,322,33,661,6,5,72,19,13,36,2,23,7,85,82,36,6,33,325,108,124,181,5,52,11,11,94,27,80,179,4,16,23,12,18,10,21,10,9,11,31,501,93,153,7,62,38,20,33,22,3,350,3,21,6,8,6,747,622,301,6,15,240,8,7,26,43,288,11,20,24,7,5,3,77,36,16,5,12,101,26,6,71,70,10,1298,30,9,46,5,367,25,19,53,16,21,224,8,75,50,131,35,12,103,11,30,10,13,31,1318,4,187,3,95,11,57,292,16,204,6,46,5,4,11,63,5,8,408,59,4,36,6,7,68,72,4,7
2024-10-07,4,10,12,6,24,10,26,250,48,52,14,38,19,33,620,35,4,3,9,155,13,131,6,12,35,873,5,6,149,54,38,75,21,85,9,6,21,7,47,11,5,19,18,65,79,22,50,784,38,53,45,23,25,11,8,61,5,4,46,21,70,7,9,57,0,22,17,74,3,33,4,4,41,885,11,126,33,23,399,35,603,10,6,82,17,12,40,4,21,11,96,84,38,5,33,344,111,94,177,7,38,11,12,92,28,64,184,4,16,19,8,14,10,21,9,10,13,27,498,86,130,5,59,41,21,28,15,4,260,3,15,12,11,8,692,532,293,6,15,279,12,3,30,39,277,11,11,24,6,7,2,64,32,15,5,13,116,24,9,57,70,5,1991,26,11,48,1,317,24,15,31,27,24,237,15,94,54,108,49,8,82,12,38,8,10,29,1381,5,157,1,112,13,38,335,16,259,9,21,5,5,12,78,7,7,486,52,4,27,6,9,56,61,4,5
2024-10-14,5,14,17,6,25,6,38,320,51,125,19,47,21,58,555,73,9,8,15,187,29,228,13,14,54,1368,5,6,174,51,44,64,21,99,12,7,20,10,81,6,7,21,21,52,69,27,75,855,53,64,46,31,30,14,7,43,10,9,53,27,62,5,13,51,1,21,15,125,8,35,6,6,26,953,18,136,42,42,472,45,763,11,6,78,26,20,60,5,39,14,136,88,58,6,40,380,133,74,291,5,71,13,13,123,22,92,244,8,15,31,15,19,12,22,6,20,18,22,795,112,181,7,69,41,22,30,22,5,359,4,29,11,12,7,883,682,363,6,11,316,16,4,38,53,319,12,16,17,6,8,7,68,36,22,7,20,117,33,14,81,88,15,1477,40,10,45,7,260,31,25,66,32,29,321,17,108,47,146,51,6,69,6,30,13,9,37,1371,7,216,6,51,9,36,362,24,202,13,34,5,5,10,81,7,4,585,73,3,36,7,9,90,84,7,5
2024-10-21,7,12,14,5,22,9,26,255,41,111,26,48,18,44,443,51,6,8,15,172,21,156,12,13,38,1423,4,7,168,76,41,59,20,82,10,5,18,9,56,5,8,18,18,67,82,18,63,838,50,76,40,29,23,9,6,44,5,6,39,33,59,8,13,44,0,19,15,95,5,17,3,4,29,707,27,96,47,31,375,33,733,11,8,95,24,5,57,5,48,14,127,57,25,7,33,342,107,72,282,7,70,11,16,122,28,79,218,7,16,23,11,19,15,23,6,19,20,38,648,86,182,8,74,43,12,27,25,8,346,7,20,7,9,8,884,570,231,5,16,347,12,7,32,45,298,13,16,12,5,6,7,71,39,21,6,20,121,38,13,74,72,15,1507,37,6,46,7,295,26,18,36,31,25,255,17,78,54,127,54,6,92,9,38,13,11,29,1570,6,229,4,85,10,41,312,20,252,11,32,5,7,11,79,5,8,392,60,6,35,3,12,68,59,6,5
2024-10-28,5,9,13,3,21,7,33,209,46,114,23,27,17,44,360,57,5,4,11,150,18,121,12,10,46,923,5,8,146,47,32,69,20,85,6,4,15,8,53,6,6,25,19,105,72,26,83,784,41,66,39,22,18,13,5,35,5,4,47,27,53,4,10,48,2,26,10,91,6,30,6,7,28,809,13,73,46,32,420,32,688,9,12,85,20,9,49,3,22,12,83,61,40,6,26,332,113,63,240,6,48,10,15,86,29,93,216,6,17,26,15,15,9,13,8,17,18,35,657,63,187,6,56,43,16,24,20,6,305,5,22,6,10,4,942,637,306,8,14,297,10,4,23,42,286,12,14,12,7,4,7,60,29,16,5,19,105,34,11,68,59,10,1711,22,7,41,5,288,28,23,37,32,23,265,16,71,59,122,50,9,60,7,32,17,7,30,1213,3,180,5,90,11,34,240,14,167,9,28,4,4,11,83,5,8,335,57,7,29,6,10,69,64,5,4
2024-11-04,5,14,12,7,25,9,32,335,42,132,29,31,26,53,552,64,8,7,18,239,27,159,14,20,50,1117,6,8,169,77,39,77,28,126,3,2,20,13,61,5,6,15,23,59,76,30,89,1043,50,59,44,33,29,15,5,42,2,6,52,33,83,6,12,41,1,31,20,136,8,28,5,8,35,1055,20,127,50,37,457,47,691,12,8,89,20,7,63,4,38,13,114,81,53,3,37,376,133,86,334,4,60,14,14,112,25,139,228,11,19,32,10,17,16,22,8,25,20,30,503,89,171,6,80,54,22,25,20,10,345,10,29,9,12,9,1068,741,321,4,11,299,11,8,30,42,290,13,18,23,8,10,7,77,39,26,7,18,166,56,15,66,93,14,1303,36,11,49,10,389,28,24,48,31,25,315,18,67,62,136,59,7,64,16,30,11,13,34,1345,6,222,6,94,10,33,323,22,210,17,47,10,3,11,97,6,10,569,70,4,36,5,15,78,69,6,7
2024-11-11,5,8,16,7,37,9,45,226,53,136,22,47,27,50,464,67,8,8,7,242,19,171,11,20,60,1405,6,5,166,83,44,66,18,108,7,6,19,15,86,6,4,15,17,103,86,24,97,922,48,70,49,34,30,15,9,40,5,7,60,42,75,2,12,67,0,35,17,146,6,28,5,10,43,1107,21,137,47,48,401,41,796,14,7,100,21,11,65,3,27,18,119,74,61,6,39,298,144,133,294,5,77,13,17,137,26,78,232,7,16,32,15,22,12,19,6,19,20,34,797,108,215,8,72,48,34,41,28,7,388,9,25,8,9,8,898,681,364,5,18,256,12,5,31,43,294,12,20,18,8,6,9,86,41,29,6,19,119,48,14,82,63,10,1501,36,6,53,7,381,26,28,56,28,16,355,20,70,56,117,65,6,58,17,30,17,18,31,1387,7,225,6,143,11,36,397,17,210,14,28,6,5,16,71,8,10,476,83,7,50,5,11,69,82,5,6
2024-11-18,5,10,20,4,24,6,32,146,45,189,19,33,29,61,312,46,6,6,16,180,22,147,12,16,55,1231,10,5,175,65,29,66,25,78,3,10,16,8,83,7,8,22,24,60,95,28,140,926,50,78,49,31,26,11,8,42,6,7,56,27,83,4,20,39,1,23,9,137,4,30,7,7,31,1132,21,112,61,53,495,42,742,15,6,88,17,15,63,7,25,13,122,83,48,6,43,446,133,76,305,9,66,19,19,121,19,106,275,6,16,35,10,15,17,20,4,27,21,41,467,98,261,7,68,53,21,45,17,12,443,7,20,10,15,3,1019,749,396,4,16,254,12,7,28,44,354,16,16,21,8,8,6,80,43,23,7,14,131,43,14,93,84,9,1212,28,5,59,8,339,23,28,49,38,28,301,15,72,54,141,42,8,51,9,32,10,14,49,1617,9,166,5,94,5,30,419,19,347,12,39,9,6,5,81,9,7,458,56,7,55,9,20,75,59,7,9
2024-11-25,7,12,12,6,28,9,42,189,46,155,29,35,16,63,423,54,13,8,14,250,26,196,15,18,47,1229,5,10,189,67,54,73,16,96,6,6,16,11,81,6,6,24,15,83,105,21,77,961,65,92,44,36,28,18,7,57,8,6,71,35,94,8,15,56,0,34,21,137,11,28,5,9,32,1073,30,103,49,42,435,38,872,12,5,95,27,10,69,6,41,16,160,91,62,9,50,401,184,101,363,6,72,14,24,133,29,141,240,8,20,28,12,21,18,15,6,25,23,36,715,103,224,7,73,55,22,36,29,8,411,10,29,8,19,8,931,873,324,8,16,317,18,7,37,49,350,13,19,25,7,8,9,75,43,27,8,26,111,55,15,65,119,15,1338,31,5,46,11,323,38,24,58,38,30,228,18,95,58,185,54,6,78,12,30,11,14,39,1735,9,222,9,96,9,42,409,20,200,13,34,8,7,14,78,6,9,558,75,5,49,6,18,81,86,6,9
2024-12-02,5,11,15,5,24,10,43,205,54,132,22,45,30,78,463,45,8,8,12,243,25,179,12,19,64,1699,6,8,204,60,47,77,22,148,12,7,20,10,62,8,8,18,25,74,77,22,115,1190,71,85,64,26,28,17,7,54,8,5,54,38,98,7,19,56,1,32,17,139,8,46,9,10,30,1189,26,118,61,39,576,38,968,12,8,103,35,15,64,8,34,18,130,88,52,10,37,403,153,74,296,8,83,18,19,125,26,130,278,7,26,26,18,29,14,29,8,22,22,47,733,102,192,7,77,62,24,30,26,8,375,4,26,10,15,2,988,835,393,5,19,379,16,6,37,51,344,10,18,24,8,9,9,91,32,24,10,17,117,53,15,99,86,19,2157,47,7,54,7,382,30,26,48,32,34,353,24,86,51,162,57,7,74,10,39,16,13,57,1384,7,268,7,60,10,53,438,22,280,14,40,9,8,14,90,8,8,460,67,8,34,8,16,95,96,8,10
2024-12-09,8,13,13,3,14,10,32,141,42,100,22,28,12,34,182,27,4,4,12,145,22,105,12,16,34,1119,5,6,198,61,36,55,17,52,4,6,8,8,46,6,4,18,24,69,63,18,81,711,33,56,50,23,36,14,6,38,6,2,34,30,59,7,15,42,5,18,16,63,8,20,6,5,26,723,14,54,35,16,367,30,476,7,7,48,15,9,46,3,16,20,77,58,24,6,27,192,86,64,267,5,61,15,4,89,20,117,260,6,11,20,8,10,9,8,3,16,15,38,379,68,185,9,53,20,18,8,25,6,239,11,22,8,16,1,719,368,286,7,13,188,12,6,22,34,325,9,21,12,6,6,7,66,38,19,4,11,97,25,10,30,54,14,992,29,9,36,7,199,19,24,27,26,22,240,11,42,35,95,50,6,64,5,21,5,9,22,848,7,145,2,82,10,19,270,16,222,14,28,7,5,13,62,7,8,279,30,4,32,7,10,51,32,6,2
2024-12-16,0,15,13,0,12,10,55,211,37,80,15,27,15,18,187,32,5,5,10,81,21,100,7,14,33,841,4,1,88,51,17,56,9,63,5,3,4,15,63,2,2,12,17,61,44,27,56,432,30,61,46,20,27,12,6,38,1,3,34,12,45,2,7,41,14,7,12,50,7,10,0,5,36,563,14,50,28,19,271,28,436,8,6,52,7,6,34,1,20,13,84,38,25,2,20,230,65,58,268,1,36,16,2,77,31,113,165,8,9,17,4,10,9,8,5,17,10,29,299,43,122,9,50,24,23,6,26,6,193,6,17,7,8,1,520,446,221,5,16,209,8,6,17,30,274,8,19,7,9,1,8,49,32,21,4,8,91,22,8,24,61,8,899,29,4,30,6,111,12,17,20,21,15,254,12,39,35,101,56,3,45,6,21,5,7,30,560,3,107,4,66,9,14,138,10,148,6,15,2,3,7,70,3,11,219,19,1,25,4,7,40,33,1,1
2024-12-23,0,10,11,2,9,9,30,247,33,68,9,18,15,18,188,19,4,5,11,69,13,71,4,16,17,765,4,2,58,54,14,44,13,52,3,3,6,9,24,0,2,2,23,60,45,24,89,394,28,67,24,13,39,18,3,35,1,1,17,12,38,1,5,24,4,8,5,45,9,12,0,5,25,1543,15,40,36,18,219,20,441,4,6,69,6,10,24,3,22,17,47,27,17,0,20,129,68,51,220,1,32,12,14,79,14,95,119,5,9,9,10,11,7,14,1,15,10,25,317,24,95,9,47,40,13,6,11,7,142,5,17,6,9,1,451,305,238,6,11,162,4,6,15,32,323,4,18,19,8,2,6,28,25,11,7,9,98,20,9,29,52,11,732,24,1,26,7,124,23,9,19,10,12,178,7,56,37,51,34,4,36,2,21,5,5,24,630,1,87,2,62,4,22,136,8,152,6,22,0,1,0,56,5,6,200,24,3,17,5,11,22,32,0,3
2024-12-30,1,9,16,3,17,6,23,257,30,107,13,22,24,34,380,31,5,7,10,167,8,88,2,6,21,763,4,3,89,48,22,48,19,73,4,3,10,6,54,0,3,6,19,66,12,21,81,596,33,61,28,26,27,21,7,32,2,3,33,14,45,0,1,45,8,18,5,87,2,18,1,6,28,1208,14,64,27,36,268,28,527,9,1,77,4,14,38,4,20,13,76,59,34,1,41,266,75,88,217,3,31,4,14,94,14,95,153,5,7,24,11,9,14,15,5,13,8,21,385,37,133,7,40,29,20,16,15,4,175,2,13,9,6,5,632,548,266,6,15,214,9,5,19,33,212,7,17,24,7,4,5,54,26,10,4,9,90,26,8,48,55,9,1009,23,4,22,11,196,17,12,23,26,11,237,9,72,63,106,31,7,58,10,30,6,11,29,912,2,157,1,86,9,21,222,12,159,6,21,2,1,9,59,4,1,300,48,1,39,4,10,51,37,0,3
2025-01-06,2,4,10,4,34,7,50,226,34,82,7,25,18,25,442,24,4,6,7,111,23,86,0,16,41,621,3,2,94,51,29,53,17,68,6,2,15,12,35,3,4,7,16,62,0,17,82,512,33,56,39,32,19,8,5,44,4,5,44,9,53,1,0,45,9,21,15,69,0,20,3,3,26,578,15,129,25,28,303,24,390,9,0,101,6,10,52,4,22,9,77,46,31,4,32,211,79,79,185,3,46,0,19,65,30,76,101,4,16,16,8,5,11,19,6,7,10,22,265,56,130,6,48,53,21,33,27,2,224,0,17,8,10,7,401,435,175,6,20,180,7,5,15,32,203,11,24,20,6,6,7,59,33,19,3,9,101,25,5,41,51,5,1006,34,5,36,6,126,23,16,24,17,14,255,12,87,62,69,39,6,36,10,26,2,15,24,1240,2,154,3,89,9,19,199,17,160,8,21,4,4,10,64,7,0,355,49,5,35,2,10,49,47,5,5
2025-01-13,2,13,13,3,29,8,49,286,35,117,15,22,26,36,347,31,11,7,8,163,23,130,0,16,51,867,4,3,117,66,35,67,26,105,2,4,22,14,44,3,5,9,20,81,0,18,85,776,45,57,41,24,30,19,9,52,2,5,52,15,57,2,0,63,16,17,15,106,0,19,4,5,26,803,21,96,32,28,412,44,770,11,0,102,8,12,55,5,27,13,112,65,45,4,39,318,93,72,279,4,45,0,17,102,26,98,189,6,16,24,4,12,12,19,6,16,16,32,485,61,158,7,59,45,28,38,22,7,290,0,23,12,9,3,707,570,291,7,20,215,17,5,31,31,200,6,17,9,9,5,8,60,37,23,8,12,107,44,10,38,59,11,1273,36,5,38,6,196,30,18,38,25,16,255,23,53,46,107,44,3,55,3,34,8,13,23,1221,1,166,2,83,8,21,251,20,142,10,32,3,4,12,78,3,0,386,36,5,51,3,13,86,60,2,2
2025-01-20,2,4,10,5,15,11,39,206,44,72,17,20,17,20,227,31,8,9,10,148,19,98,0,13,33,705,5,3,93,66,34,64,18,59,2,0,12,9,36,1,2,11,16,53,0,17,47,580,37,60,34,25,39,20,6,34,4,8,41,18,41,2,0,29,9,21,15,61,0,22,1,10,32,539,15,71,36,26,244,29,365,9,0,64,8,4,41,1,16,17,81,59,38,0,24,333,117,66,312,4,61,0,8,70,22,100,164,9,8,20,7,10,7,17,4,16,11,30,397,52,138,9,50,32,26,16,19,7,148,0,20,9,8,1,510,451,253,2,15,177,9,7,27,39,192,12,17,16,9,4,11,93,42,21,3,18,140,24,12,30,47,8,1487,26,3,37,7,168,14,20,39,23,16,290,19,37,50,88,32,7,43,1,25,5,6,19,727,4,136,4,80,11,13,196,18,242,12,45,3,2,6,78,7,0,369,28,2,31,8,9,52,48,1,3
2025-01-27,5,12,13,7,14,8,44,166,49,79,15,22,19,25,207,31,5,5,7,130,14,145,0,17,39,907,5,2,128,60,26,63,23,64,4,5,18,14,40,2,4,6,15,49,0,16,71,708,46,56,41,28,28,10,5,31,3,2,36,18,44,2,0,38,14,22,17,72,0,17,0,7,31,793,15,96,36,26,417,31,510,5,0,58,17,8,47,3,17,13,92,54,29,5,24,255,95,70,231,4,49,0,11,74,37,97,136,8,11,28,3,8,8,12,4,11,14,29,372,47,185,5,41,26,22,26,22,4,233,0,23,5,10,3,627,596,242,8,11,263,11,4,27,55,178,5,17,12,6,5,5,49,41,20,6,19,124,32,4,25,67,7,1234,31,5,35,6,168,26,12,42,22,15,193,20,54,45,87,35,6,48,5,26,6,9,28,832,2,190,6,92,7,21,198,20,212,8,34,3,2,7,70,7,0,357,21,4,41,3,7,58,55,1,2
2025-02-03,2,6,4,4,9,5,28,165,31,60,8,17,17,27,168,19,7,6,6,94,15,106,0,7,17,593,6,3,78,52,16,46,14,73,1,3,9,7,28,2,4,10,11,50,0,10,39,351,31,55,40,15,37,13,7,36,3,1,29,12,47,2,0,39,5,10,10,34,0,19,1,6,25,521,17,43,22,19,351,26,578,4,0,46,12,2,29,2,9,10,79,30,24,2,14,241,54,94,190,8,24,0,6,61,19,84,122,3,4,19,8,11,6,11,6,10,12,23,384,44,127,6,40,25,20,12,22,4,126,0,13,10,4,3,488,309,224,4,15,217,4,4,20,19,186,4,14,6,7,3,4,53,28,14,5,9,77,22,6,24,45,3,1308,24,6,30,6,130,29,15,17,18,11,158,14,36,30,76,25,8,46,2,28,3,4,18,745,2,116,0,112,9,25,168,5,162,8,25,3,3,7,49,5,0,189,16,2,30,6,8,50,32,2,1
2025-02-10,4,5,7,4,18,3,46,117,32,74,10,27,15,22,282,31,4,5,16,123,17,197,0,9,25,723,10,1,79,60,21,45,18,124,5,1,13,11,53,2,5,14,9,48,0,18,64,630,37,35,37,19,24,15,4,42,3,4,31,17,41,1,0,22,10,14,14,43,0,27,1,5,27,600,16,54,28,22,485,22,535,5,0,56,12,10,32,3,31,11,84,45,28,2,21,245,95,68,202,4,33,0,8,69,34,90,132,7,10,25,5,16,10,14,4,13,15,23,382,42,164,3,71,30,20,10,24,5,218,0,16,6,6,4,499,515,267,4,11,235,12,5,22,44,177,5,17,12,8,4,5,36,33,18,6,12,86,22,11,37,72,4,1250,29,4,32,6,169,25,17,24,22,15,205,12,62,43,85,35,7,45,4,25,6,13,20,781,2,146,5,89,7,31,160,9,167,11,13,5,2,3,58,9,0,265,38,4,30,10,7,53,46,1,2
2025-02-17,6,3,6,10,23,6,29,288,37,80,22,32,21,39,466,32,4,5,17,173,19,162,0,14,37,888,8,4,139,55,52,47,29,146,5,5,19,6,56,3,4,12,20,60,0,29,73,787,34,52,29,24,35,13,5,44,5,1,40,28,62,6,0,43,9,23,14,83,0,30,4,5,27,949,12,99,45,41,377,39,834,10,0,92,18,8,42,4,36,11,105,88,55,5,23,311,129,96,222,5,46,0,17,106,20,93,155,7,22,27,7,12,14,16,4,14,17,30,481,86,305,7,72,45,21,16,17,5,323,0,14,8,13,7,812,959,292,5,13,228,7,5,28,31,214,14,9,22,5,6,6,60,36,14,11,13,75,44,11,39,67,6,1561,25,6,36,5,313,24,18,40,20,21,189,23,107,46,116,30,9,50,14,27,9,12,19,1397,3,245,6,109,9,36,277,16,189,10,31,5,5,10,59,8,0,285,57,4,32,4,11,104,65,4,7
2025-02-24,4,13,8,5,20,6,43,176,44,113,17,26,20,33,321,30,4,6,14,163,19,110,0,17,41,842,11,4,127,58,42,65,28,87,5,6,12,12,54,2,6,11,17,57,0,21,69,657,53,66,43,31,29,14,6,41,5,6,36,18,64,4,0,42,8,29,18,99,0,29,3,5,30,1081,12,75,38,24,390,33,627,8,0,68,17,9,61,5,23,11,106,68,45,3,28,359,121,71,238,9,53,0,8,139,28,80,196,4,17,25,6,11,11,19,3,17,17,34,517,75,325,9,63,34,22,18,29,6,267,0,18,9,6,6,892,836,272,5,12,224,13,6,28,38,213,6,19,14,9,1,6,63,31,26,7,10,106,38,11,36,69,7,1597,30,4,34,5,249,23,14,40,23,18,248,17,55,57,127,44,5,58,10,30,3,9,24,1235,3,206,7,94,12,32,270,15,170,10,18,6,4,8,71,3,0,470,32,4,31,7,9,78,54,5,5
2025-03-03,3,8,10,3,19,8,33,140,39,80,16,27,11,37,242,26,6,6,9,164,15,116,0,10,50,519,5,3,75,44,32,61,20,65,2,2,7,10,37,3,7,10,18,66,0,14,74,448,30,46,33,14,28,18,7,39,1,4,37,15,51,0,0,34,4,30,9,74,0,28,2,8,21,709,18,67,33,28,288,27,433,4,0,57,11,7,32,4,17,12,69,46,32,0,23,203,87,78,248,5,37,0,12,74,25,84,168,7,5,21,7,9,8,17,5,14,9,27,345,43,169,5,47,29,22,13,20,7,239,0,16,6,11,4,554,649,212,5,10,178,10,7,22,28,186,7,14,8,7,5,7,55,31,17,6,12,76,31,11,19,49,1,1425,22,4,26,6,251,12,21,25,21,18,198,11,38,47,74,34,8,40,4,20,8,10,18,877,1,145,5,100,8,21,236,12,151,9,14,4,2,9,73,6,0,332,22,3,35,4,8,64,50,0,1
2025-03-10,2,9,16,2,16,4,34,203,29,71,17,24,21,29,199,30,4,4,16,138,12,108,0,11,44,702,5,3,63,70,22,60,17,88,3,2,3,8,38,6,5,11,13,75,0,16,45,441,26,45,28,13,29,12,4,46,0,3,43,13,38,1,0,21,9,14,10,57,0,24,0,5,32,845,17,54,23,22,404,27,505,5,0,65,12,6,30,3,30,6,92,70,36,6,16,287,88,71,193,6,42,0,11,72,22,62,137,5,5,16,6,10,10,18,6,17,11,28,350,44,182,3,48,31,23,12,18,4,338,0,16,7,4,1,454,583,271,2,18,181,6,5,27,25,134,7,17,9,9,0,4,66,28,19,8,18,80,26,2,30,52,5,1451,31,5,33,5,270,23,20,38,18,14,203,12,50,33,78,22,6,51,8,27,7,10,16,1203,2,200,3,99,11,28,280,5,191,6,18,1,1,6,68,8,0,284,26,2,27,2,6,53,36,3,5
2025-03-17,2,8,7,9,16,6,33,187,37,83,22,38,17,36,463,50,6,9,12,177,18,183,0,11,43,1306,5,3,113,71,37,51,19,132,7,4,21,6,79,1,5,11,21,74,0,21,77,868,34,60,45,24,39,12,5,46,3,1,41,29,50,4,0,40,5,14,8,116,0,35,4,2,28,1521,14,91,43,37,297,32,626,14,0,92,22,9,39,5,35,13,105,96,45,4,26,302,112,101,214,5,49,0,16,137,18,83,186,7,13,21,13,18,13,15,8,23,17,38,510,77,182,5,60,51,13,27,18,3,379,0,13,9,13,7,682,635,309,5,21,283,14,6,30,34,240,12,12,19,9,3,6,70,25,22,8,20,111,40,12,44,73,12,1700,18,5,44,9,222,25,17,33,19,25,244,13,77,50,101,38,7,47,10,32,14,12,21,1330,5,252,6,116,9,32,307,13,217,10,27,3,8,13,70,6,0,338,40,3,27,6,11,71,37,3,3
2025-03-24,5,7,15,4,24,7,35,199,43,116,21,34,26,37,346,42,5,6,10,224,15,142,0,14,44,1522,10,6,158,79,40,58,27,113,10,5,17,9,68,6,6,18,20,57,0,28,71,677,53,67,45,27,37,12,9,33,6,6,44,31,76,4,0,50,8,25,11,98,0,22,4,7,30,1130,18,114,38,34,417,37,602,13,0,69,21,11,56,6,38,17,108,121,52,4,31,390,124,62,263,6,50,0,15,85,29,88,201,6,22,21,4,22,11,22,13,16,15,39,509,86,136,5,53,38,20,34,22,6,336,0,24,8,15,5,727,689,297,5,13,307,20,6,30,36,188,12,12,18,11,5,6,96,35,21,7,13,85,39,13,50,63,15,1311,32,8,39,7,320,32,25,39,34,23,276,15,78,45,124,48,8,56,12,32,16,13,26,1206,6,186,6,83,8,33,351,11,206,12,30,5,7,11,76,4,0,379,55,8,35,7,12,102,48,6,4
2025-03-31,4,11,8,6,22,10,36,147,41,92,12,27,16,35,290,35,5,7,17,170,14,99,0,14,49,881,5,4,134,56,39,66,26,91,6,4,18,8,69,5,5,17,22,70,0,19,96,717,35,60,46,17,30,11,5,35,2,6,43,21,71,2,0,40,7,21,12,109,0,37,3,4,32,1013,17,93,34,29,418,36,595,11,0,101,20,10,41,5,21,16,117,53,35,4,31,346,113,111,216,7,38,0,14,91,22,70,184,4,13,18,10,8,11,18,7,17,18,24,451,66,260,13,52,33,26,38,28,9,303,0,17,9,8,5,648,539,305,4,22,236,7,5,26,23,257,10,14,17,9,8,9,58,28,26,5,22,84,35,11,71,74,9,1345,25,13,33,5,232,29,15,41,27,20,286,12,73,52,124,42,6,61,12,25,9,10,22,1219,4,205,5,122,4,33,261,12,173,12,19,7,4,7,79,6,0,389,51,3,33,7,7,58,58,5,1
2025-04-07,3,10,16,3,23,5,58,163,48,118,9,24,27,35,525,37,3,3,12,212,19,114,0,22,48,1055,4,4,116,62,28,65,26,95,3,5,17,14,67,4,6,14,19,70,0,41,90,738,46,68,50,37,30,12,7,45,2,5,53,19,58,3,0,40,9,16,22,75,0,26,2,5,37,821,17,179,39,28,461,31,679,9,0,100,12,11,57,6,21,13,122,62,36,3,27,352,131,101,192,7,57,0,12,88,29,78,164,5,12,23,6,10,9,15,9,17,14,43,438,66,172,8,74,51,29,36,35,4,261,0,26,9,6,8,656,578,270,5,18,302,14,4,26,31,228,15,21,20,6,7,8,96,47,28,5,20,94,30,9,44,65,10,1311,37,5,43,3,283,24,15,46,23,18,274,19,78,64,131,42,7,51,10,26,7,16,26,1012,2,155,7,116,8,32,235,17,137,9,24,3,4,11,80,8,0,396,37,6,36,6,7,80,74,2,6
2025-04-14,3,4,16,6,21,6,41,247,44,100,17,37,19,34,521,35,4,4,13,158,21,126,0,12,55,865,2,4,136,56,39,57,26,98,7,3,14,8,62,5,3,14,18,60,0,33,91,877,36,54,29,29,55,13,7,36,4,5,42,15,59,4,0,33,8,22,11,86,0,30,3,7,27,968,15,129,52,44,452,20,672,8,0,81,18,11,39,5,35,9,103,85,38,6,36,276,133,91,156,4,48,0,15,87,19,90,165,3,16,16,14,15,7,26,9,13,12,33,769,80,117,4,56,42,15,31,25,5,331,0,15,4,10,7,620,601,201,7,13,185,10,2,25,51,239,15,17,21,7,5,5,78,37,23,9,21,112,29,10,50,70,6,1356,28,3,42,5,333,17,22,35,35,19,279,11,76,73,114,27,10,51,13,32,12,13,23,1056,8,180,4,112,11,33,243,16,221,11,48,4,2,8,69,8,0,335,52,6,25,5,7,51,54,5,4
2025-04-21,5,14,14,6,35,9,30,218,46,130,27,40,26,57,451,54,7,7,14,235,14,187,0,14,58,1583,3,9,188,83,45,57,37,123,6,7,23,7,87,6,7,18,22,77,0,20,110,910,42,86,47,27,19,9,8,72,7,6,38,34,81,6,0,55,8,45,11,129,0,50,5,5,37,1336,21,123,45,41,444,39,775,19,0,130,25,15,68,5,34,16,137,115,56,8,47,351,170,94,250,9,85,0,21,109,22,100,261,4,22,30,16,20,22,24,7,26,25,39,634,91,253,6,77,47,18,45,28,6,463,0,16,6,14,8,889,767,366,7,13,344,15,5,35,46,294,18,17,20,6,7,7,90,46,24,7,19,122,64,15,74,100,16,1571,29,12,41,8,375,37,26,46,40,24,297,21,71,60,157,34,7,78,9,33,18,14,29,1427,6,270,3,107,8,38,495,20,267,22,37,6,7,12,69,9,0,550,67,11,52,8,10,79,75,7,8
2025-04-28,5,10,14,6,25,4,21,316,49,118,31,32,28,43,390,32,5,7,10,201,16,182,0,14,48,1196,7,6,143,63,49,67,23,110,6,5,22,7,65,6,8,17,30,76,0,21,89,851,46,65,38,30,33,9,7,42,6,5,39,33,82,4,0,38,8,28,9,136,0,32,7,7,27,1317,17,93,43,43,374,27,710,11,0,124,23,16,51,6,29,13,127,77,45,6,33,305,119,120,215,5,57,0,16,108,25,96,225,6,16,22,13,17,12,21,5,17,18,27,619,86,196,7,66,42,19,28,20,7,359,0,14,7,15,5,791,682,319,9,19,279,14,5,36,52,369,8,12,16,7,6,5,67,24,15,8,19,104,36,12,84,66,13,1703,31,10,39,4,304,28,19,33,22,16,304,15,67,51,135,58,6,77,10,25,14,13,28,969,7,193,6,93,9,36,325,23,175,14,23,5,5,12,75,5,0,526,68,8,33,4,9,72,65,5,7
2025-05-05,4,16,10,5,28,12,31,227,45,107,25,29,22,51,264,50,5,9,12,239,19,173,0,15,43,1204,6,6,154,89,47,56,24,113,8,5,11,9,90,5,7,18,21,59,0,26,111,1054,36,78,43,25,17,7,8,37,8,8,43,28,76,5,0,46,6,30,13,110,0,42,3,7,21,1146,17,99,42,48,433,51,760,11,0,63,31,13,63,5,33,17,114,95,56,6,39,474,139,82,317,7,62,0,16,119,21,99,273,6,20,29,11,18,12,14,3,24,20,27,637,106,207,7,73,49,19,42,13,5,414,0,24,5,14,3,820,814,315,5,9,316,17,9,48,56,241,13,15,16,6,4,11,71,40,14,5,20,112,57,17,66,84,11,1663,28,4,34,6,338,32,27,49,36,25,331,22,64,39,150,47,10,68,10,25,16,14,32,1565,5,250,6,152,6,41,374,18,209,11,19,8,4,16,70,7,0,510,72,5,44,8,13,84,58,4,5
2025-05-12,4,11,12,2,23,6,38,168,37,91,19,25,18,37,348,31,6,5,6,175,19,131,0,12,37,734,8,4,115,54,39,63,28,96,2,4,18,7,65,2,5,12,22,71,0,35,78,739,35,59,35,25,26,15,8,44,2,4,40,23,69,5,0,48,8,19,18,86,0,40,1,6,29,925,17,98,40,41,350,35,743,12,0,108,28,15,41,5,21,8,119,66,48,2,31,385,125,83,213,4,45,0,14,100,21,78,158,5,11,27,11,13,10,18,8,16,13,27,547,65,178,5,64,33,23,27,24,12,363,0,22,7,7,6,646,740,269,6,22,317,12,5,28,32,298,12,18,13,7,6,6,60,43,15,7,20,109,47,11,77,73,7,1280,31,8,34,8,239,30,16,33,20,20,242,18,52,43,107,48,7,53,11,24,9,10,26,951,5,218,7,103,8,31,382,12,151,18,18,5,4,11,77,5,0,367,53,6,31,4,7,59,78,3,4
2025-05-19,2,7,11,3,16,7,32,125,28,58,11,22,12,21,288,28,3,4,5,116,10,119,0,8,36,612,4,3,85,63,44,77,24,104,2,3,8,5,51,2,4,13,19,61,0,44,63,794,30,42,28,20,28,13,4,38,0,5,31,25,50,0,0,39,4,20,9,66,0,37,1,3,22,1322,16,79,25,19,297,33,516,12,0,79,15,5,33,3,15,9,95,45,44,2,13,301,90,96,186,5,37,0,14,70,21,60,148,3,9,18,4,8,6,20,7,10,10,20,295,53,165,5,37,22,21,21,21,3,288,0,18,6,8,5,512,658,223,5,21,237,7,3,28,33,138,8,17,11,6,7,4,63,25,11,5,8,72,25,6,33,48,4,1238,22,5,19,2,170,22,8,34,10,18,197,12,37,28,99,34,7,39,3,31,9,10,23,893,2,199,6,111,7,24,328,7,162,12,16,1,0,11,89,7,0,404,40,3,20,4,2,56,34,1,1
2025-05-26,3,9,9,3,17,8,41,150,37,77,19,28,11,31,322,22,6,5,9,149,12,110,0,16,38,823,3,6,99,56,41,52,26,135,3,2,16,11,49,0,7,12,15,59,0,22,90,823,35,101,41,29,32,14,5,36,4,4,35,22,56,3,0,31,9,22,14,97,0,62,1,4,31,1067,15,70,29,30,340,35,673,13,0,85,15,8,43,8,18,12,104,40,43,3,15,474,111,80,191,8,38,0,15,87,18,109,148,6,8,14,7,9,6,12,9,11,4,32,420,51,177,5,58,32,18,20,19,4,245,0,18,6,6,4,745,539,242,6,20,315,7,3,31,37,280,6,14,8,8,5,5,57,48,17,6,16,84,40,5,57,83,4,1372,25,6,32,3,230,17,13,33,18,12,204,12,44,48,93,40,9,46,3,23,5,10,24,749,1,262,6,149,9,21,257,8,152,16,17,6,2,7,62,6,0,423,50,8,25,5,5,57,46,1,2
2025-06-02,3,6,12,2,24,5,27,153,29,56,26,12,19,27,265,32,3,6,6,182,15,80,0,8,45,732,2,6,104,57,19,58,18,89,2,3,9,6,41,3,8,10,13,42,0,15,68,710,25,70,34,13,35,11,6,34,5,4,34,17,42,3,0,42,4,24,9,75,0,40,2,6,25,838,13,91,26,24,419,32,533,11,0,76,10,6,39,7,15,8,68,54,36,4,11,283,117,107,224,7,22,0,17,79,19,70,157,6,10,24,7,9,7,16,8,12,7,26,333,36,228,5,53,24,17,18,21,4,230,0,17,4,9,4,620,377,272,6,14,252,4,3,32,17,225,10,11,10,6,5,7,36,29,14,3,15,100,26,11,25,91,9,1099,27,8,23,4,176,10,14,19,12,15,313,6,52,49,101,29,7,30,3,23,3,8,22,718,4,237,1,105,7,14,169,10,124,6,15,5,4,13,71,5,0,348,37,5,26,4,7,56,36,2,1
2025-06-09,2,11,11,3,18,6,48,211,44,94,23,19,19,37,383,27,9,9,9,152,25,123,0,13,61,669,4,6,123,74,38,65,21,110,3,4,15,9,49,2,6,14,19,59,0,14,76,993,35,65,39,21,19,12,5,48,4,2,39,17,49,2,0,35,9,24,15,75,0,49,2,8,31,1017,23,143,31,28,435,33,746,7,0,83,20,10,75,6,20,12,104,67,25,10,22,304,129,101,284,8,50,0,17,99,30,75,198,7,7,22,11,18,8,20,6,16,16,21,444,69,183,7,47,30,26,28,21,5,298,0,21,6,8,5,720,517,226,4,17,328,10,7,38,28,218,11,19,9,10,3,7,62,40,22,8,12,89,43,11,46,96,8,1224,36,8,15,8,243,22,15,32,23,21,258,12,66,46,91,50,7,51,8,29,3,10,22,1084,4,220,4,138,9,31,231,16,148,12,16,5,3,8,76,9,0,349,43,4,35,5,10,87,55,2,7
2025-06-16,3,10,11,5,20,6,27,176,39,101,20,30,16,36,337,24,7,8,9,144,17,104,0,9,60,719,3,5,118,68,33,74,25,88,2,4,13,9,40,0,7,14,21,69,0,21,94,1022,24,45,43,21,29,16,7,36,2,5,41,19,57,2,0,51,11,28,10,112,0,38,2,6,29,982,21,99,34,25,346,37,376,10,0,70,23,9,44,4,16,12,96,54,33,3,12,358,141,97,284,6,38,0,15,93,17,72,174,7,13,20,6,11,13,17,6,17,10,45,414,62,234,10,49,47,18,32,25,7,303,0,14,6,11,4,570,424,287,6,15,315,10,6,36,30,271,9,11,8,9,5,8,60,42,21,6,12,88,40,11,47,70,7,1086,28,6,31,7,298,17,16,30,23,17,241,15,52,58,104,36,10,63,16,21,4,11,21,853,1,186,2,117,7,42,252,8,174,11,29,1,3,13,92,6,0,404,37,2,24,5,9,83,55,1,5
2025-06-23,5,10,10,1,17,7,46,193,33,82,21,33,19,62,246,26,5,6,10,133,19,117,0,13,38,1061,3,4,141,58,38,53,33,89,5,5,18,8,59,5,6,22,14,55,0,21,61,696,40,59,42,24,32,14,5,47,5,3,40,27,44,3,0,37,12,30,16,102,0,44,4,7,24,764,14,70,38,36,366,36,1027,12,0,112,18,10,40,7,21,11,125,79,47,6,15,246,105,119,216,4,56,0,13,92,18,64,163,5,12,22,7,15,9,11,2,23,19,32,455,68,226,9,61,34,23,16,26,7,359,0,23,6,8,2,547,420,229,6,13,176,13,5,29,27,172,17,18,7,6,5,6,51,35,30,4,24,78,40,10,55,52,10,1107,31,6,29,8,416,21,24,36,23,23,262,11,78,46,116,37,5,55,12,26,12,9,19,1001,3,186,1,114,6,27,210,10,146,12,17,4,5,11,67,6,0,339,32,3,30,6,7,50,67,3,10
2025-06-30,3,13,13,6,23,5,71,229,50,112,20,30,18,45,489,22,7,7,10,162,21,160,0,13,43,1285,8,6,137,78,39,71,23,111,9,2,19,10,66,3,6,13,23,81,0,18,82,867,55,76,48,32,28,13,5,52,5,5,44,27,58,3,0,50,13,26,33,98,0,33,2,8,45,950,17,119,44,42,460,42,725,14,0,116,26,21,57,5,26,15,112,73,41,3,31,447,124,109,264,7,61,0,17,105,26,80,189,5,16,27,13,14,12,27,7,15,13,43,518,78,181,9,76,33,24,19,32,7,330,0,26,4,10,8,577,463,291,9,11,261,13,6,35,51,296,13,23,18,5,6,6,64,50,33,6,14,119,45,10,56,71,12,1230,33,10,35,8,359,24,23,57,27,22,305,15,82,49,117,35,8,73,11,25,7,17,21,1247,3,230,5,121,5,31,246,18,235,15,22,4,7,11,85,8,0,333,57,7,36,3,11,87,68,3,8
2025-07-07,9,9,11,4,27,6,39,221,54,120,19,35,27,46,304,39,5,3,19,204,19,130,0,15,45,1192,7,9,167,77,37,74,25,109,7,4,14,6,59,2,11,27,27,68,0,19,91,1134,39,66,53,21,32,11,8,60,7,6,43,22,62,2,0,51,15,20,9,95,0,36,6,5,28,1199,17,118,49,33,474,34,1106,14,0,83,23,17,51,6,31,17,124,88,42,6,35,379,140,101,192,9,64,0,19,104,21,89,261,6,21,24,6,13,12,19,6,22,21,34,504,85,171,7,75,50,21,36,24,5,396,0,17,5,8,4,743,613,340,8,19,334,9,3,40,62,255,13,11,21,9,7,3,83,52,19,5,15,120,50,11,69,82,11,1282,27,8,45,5,374,26,21,43,31,17,296,14,71,48,130,36,11,61,17,38,14,13,32,1581,7,205,6,133,9,46,414,12,287,14,23,6,8,21,90,11,0,366,57,9,31,6,9,84,63,5,4
2025-07-14,7,9,15,4,23,9,30,195,44,122,21,32,21,58,416,41,5,7,12,254,20,145,0,11,45,1116,5,5,147,77,36,69,23,109,6,4,19,7,65,4,9,19,25,84,0,26,64,1152,36,67,29,18,25,15,8,59,6,8,44,27,64,2,0,37,6,31,13,133,0,48,4,5,32,1783,24,124,28,32,429,35,800,14,0,84,23,13,57,6,26,15,124,87,46,9,33,355,130,91,234,4,49,0,22,107,25,111,241,4,23,24,8,19,16,21,9,34,18,40,564,71,233,7,69,33,21,34,18,6,346,0,16,4,10,7,837,795,317,5,24,343,12,5,29,34,229,14,12,20,7,8,8,74,37,20,7,15,97,42,10,57,132,11,1372,31,6,39,3,335,36,27,46,24,27,296,15,61,53,124,39,6,73,8,30,9,16,27,1299,4,187,9,113,9,43,344,16,171,14,24,5,6,8,87,4,0,508,46,8,53,6,8,77,71,3,6
2025-07-21,4,6,12,3,21,9,43,150,51,79,23,23,16,30,318,22,6,6,11,207,20,163,0,15,44,1158,7,7,165,74,25,65,17,122,5,6,26,7,53,7,6,21,26,61,0,27,87,800,38,68,40,28,28,15,7,47,7,3,35,26,61,6,0,42,9,31,15,68,0,56,5,5,24,1202,12,88,40,26,315,39,604,15,0,105,20,11,50,6,27,21,126,56,27,8,26,261,126,105,233,6,43,0,11,76,31,82,192,5,19,28,8,12,10,14,4,19,16,45,400,53,176,7,62,29,23,20,27,6,312,0,19,6,10,2,674,557,254,8,12,282,11,5,35,36,313,8,13,20,10,6,5,46,34,17,6,16,101,26,13,43,69,12,908,28,8,29,9,217,28,13,36,31,16,234,12,63,65,158,31,7,63,12,23,9,10,20,878,6,151,3,138,12,42,222,14,225,11,21,6,5,13,70,7,0,333,40,5,40,7,11,56,48,5,2
2025-07-28,2,3,11,3,8,6,68,110,46,71,9,10,14,16,200,8,2,4,11,99,21,85,0,22,48,445,3,1,48,64,20,62,22,82,0,1,18,18,29,0,4,10,15,51,0,7,64,848,36,65,47,25,36,10,4,46,1,0,36,9,32,0,0,28,11,17,21,48,0,18,0,5,39,847,8,58,19,11,368,27,763,8,0,59,5,4,37,2,13,13,88,34,36,2,13,316,69,61,123,4,47,0,17,58,34,58,96,3,4,15,9,10,9,10,3,12,5,36,542,37,203,3,54,18,30,9,29,2,172,0,32,4,4,3,459,264,223,3,14,276,1,1,26,41,212,6,20,8,7,4,3,36,36,18,4,5,72,22,4,20,57,3,703,29,5,33,3,206,20,9,28,14,7,206,10,50,47,59,27,7,37,5,27,7,11,20,702,0,118,2,85,13,34,181,7,212,5,10,0,1,5,71,13,0,204,28,3,23,4,3,40,46,0,2
2025-08-04,4,9,5,3,12,11,34,137,40,78,11,22,18,30,286,13,5,5,6,143,12,85,0,8,54,1051,5,7,84,51,30,60,25,80,6,3,17,10,30,4,8,13,20,70,0,10,76,762,32,51,74,16,32,16,5,47,3,4,31,25,53,1,0,43,10,21,11,52,0,28,2,5,17,836,16,98,26,21,462,29,766,9,0,63,12,9,35,3,22,12,145,60,29,2,17,366,123,59,216,2,37,0,12,77,25,64,123,3,8,28,6,10,21,13,4,19,9,23,287,46,196,7,54,23,21,10,28,4,271,0,16,7,4,5,616,425,222,3,26,253,12,6,26,34,235,5,14,12,6,2,6,48,28,16,5,16,84,35,9,40,100,10,800,22,11,24,3,227,21,15,24,22,14,235,13,57,37,104,24,8,51,3,24,10,11,19,718,1,137,6,125,11,26,243,11,185,16,12,4,1,7,67,5,0,276,35,4,25,4,10,59,57,0,1
2025-08-11,4,11,10,0,23,8,41,146,45,110,17,25,23,45,238,29,5,6,8,208,13,114,0,11,43,1027,2,3,99,71,41,56,22,95,4,4,16,12,57,2,3,16,13,87,0,17,84,937,44,59,51,17,30,7,7,38,2,4,41,21,53,3,0,30,8,23,11,91,0,28,1,6,30,877,22,94,36,27,404,31,701,13,0,125,15,13,40,4,24,12,134,62,40,1,27,299,127,88,219,9,45,0,15,96,32,88,258,6,10,18,10,13,10,15,3,19,16,27,672,56,185,10,52,27,21,20,22,6,398,0,18,5,5,4,718,459,274,5,13,390,9,4,32,37,226,10,15,10,4,1,5,78,26,18,10,15,114,31,11,59,68,15,1339,25,8,28,5,282,19,18,50,25,21,237,13,55,41,111,37,5,48,9,33,17,14,30,1023,1,166,5,104,6,35,213,10,156,11,20,3,3,11,65,7,0,313,47,5,30,7,15,53,54,1,3
2025-08-18,6,8,16,4,20,5,32,152,43,107,23,19,18,43,359,18,4,6,11,148,13,133,0,8,37,884,3,2,77,76,43,72,32,90,3,1,22,8,63,0,4,18,18,53,0,11,92,1088,41,69,52,15,29,14,9,33,1,1,34,17,51,0,0,33,10,17,13,83,0,32,1,3,24,916,19,138,25,25,328,37,783,12,0,101,27,7,29,5,10,13,116,44,35,1,21,309,117,76,224,7,34,0,10,91,23,102,268,3,12,14,14,15,10,18,3,29,10,47,953,60,192,6,37,33,16,40,28,3,367,0,19,5,4,7,604,511,255,4,19,254,9,2,29,38,245,7,15,15,9,2,6,66,34,21,8,12,108,31,6,24,49,6,935,26,7,27,2,227,18,10,46,20,19,243,13,54,46,85,30,6,53,10,28,14,7,28,766,1,188,4,116,9,38,213,15,197,12,26,3,4,11,88,3,0,284,30,7,23,5,5,58,61,1,5
2025-08-25,2,6,7,3,8,3,15,87,20,49,8,8,5,22,245,10,6,6,6,91,6,63,0,3,18,355,1,2,45,36,20,39,11,52,2,1,13,3,37,0,3,7,8,41,0,8,28,464,19,35,21,10,21,4,4,24,0,1,22,8,36,0,0,20,3,10,3,57,0,14,1,4,15,362,9,41,19,16,194,14,366,4,0,60,13,8,12,3,20,6,58,37,15,3,12,165,64,77,144,5,24,0,7,44,9,33,151,2,4,10,9,12,9,11,3,14,3,18,474,27,90,4,26,27,12,21,11,4,289,0,7,6,7,1,241,182,163,5,8,148,5,2,18,27,138,5,9,3,2,3,4,41,13,10,5,8,47,20,4,29,35,4,471,15,3,22,2,122,10,5,22,13,14,160,9,28,27,45,16,5,31,4,16,6,0,15,388,0,88,0,30,5,19,126,8,56,8,17,1,1,7,45,3,0,212,15,3,13,4,5,31,33,1,2
