week_start,1000LUNC,1000SHIB,1INCH,AAVE,ADA,ALICE,ALPHA,ANKR,APE,API3,AR,ATA,ATOM,AXS,BAND,BAT,BEL,BNB,C98,CELR,CHR,CHZ,COMP,COTI,CRV,CTSI,DEFI,DENT,DOGE,DOT,DUSK,EGLD,ENJ,ENS,ETC,FIL,FLOW,GALA,GMT,GTC,HOT,ICP,ICX,IMX,INJ,IOST,JASMY,KAVA,KNC,LRC,LUNA2,MANA,NKN,OGN,ONE,ONT,PEOPLE,QNT,RLC,RVN,SAND,SKL,SNX,SPELL,STORJ,SUSHI,SXP,TRX,UNI,VET,XMR,XRP,XTZ,ZEC,ZEN,ZIL,ZRX
2024-01-08,13,62,41,22,5,206,24,15,102,16,12,135,27,55,30,211,223,15,93,25,9,39,186,4,11,140,6,228,47,14,28,9,133,80,22,7,22,2,17,61,133,65,10,10,16,29,77,344,5,96,306,16,43,56,61,14,132,22,25,41,37,19,5,248,10,30,6,12,15,45,184,22,98,19,26,95,17
2024-01-15,9,46,19,17,2,178,18,8,111,24,8,153,19,57,37,151,243,13,88,19,8,44,158,5,8,91,4,154,27,9,41,10,91,55,16,4,14,2,6,68,79,34,11,9,13,25,65,189,5,81,227,12,53,26,41,10,87,17,29,26,25,7,2,273,7,19,7,10,17,34,230,13,82,20,25,99,11
2024-01-22,14,28,16,15,3,115,24,17,112,22,8,130,17,34,32,179,197,12,58,18,7,51,193,5,8,237,6,160,30,17,48,8,108,57,18,4,15,3,11,59,100,53,10,10,19,28,72,384,2,107,230,7,67,33,39,11,72,18,47,23,19,15,5,204,11,22,8,12,11,42,196,16,73,18,15,71,17
2024-01-29,19,59,44,18,6,137,18,11,141,43,8,98,16,49,54,207,232,16,85,19,5,41,150,7,13,178,2,177,39,14,40,15,118,49,22,5,14,4,7,45,162,68,9,14,15,24,118,401,4,75,211,6,55,28,42,9,91,24,37,37,22,10,4,243,9,16,5,13,11,39,177,25,91,14,28,73,9
2024-02-05,25,79,37,23,5,260,30,18,146,30,15,186,32,68,55,253,337,16,111,40,9,35,183,13,10,180,4,318,38,16,51,9,199,62,18,7,30,6,13,85,173,60,11,16,20,41,148,426,6,141,401,18,90,28,80,12,135,26,26,42,51,22,6,443,7,35,12,10,16,48,195,18,114,19,24,125,16
2024-02-12,20,87,44,21,6,366,49,25,250,44,16,242,26,87,55,307,469,19,140,43,12,61,207,23,14,202,9,392,55,25,38,14,255,72,22,6,31,11,22,103,214,65,15,19,18,54,140,621,8,161,368,21,114,54,127,18,108,28,35,63,74,36,8,493,8,38,14,14,12,39,218,21,156,18,32,171,17
2024-02-19,20,73,36,24,6,379,45,22,206,30,18,238,29,64,67,339,391,16,154,46,7,60,234,22,13,221,5,312,36,23,34,11,234,69,17,10,34,10,17,91,208,41,14,13,16,69,103,615,9,171,398,20,90,57,96,15,112,20,38,63,57,16,9,463,12,40,18,10,16,58,205,22,128,28,34,182,28
2024-02-26,23,92,54,38,7,362,72,26,244,26,22,361,36,117,69,394,500,21,135,44,6,56,276,24,19,217,7,481,75,25,61,17,393,53,27,8,36,7,18,97,271,72,14,17,18,66,184,670,10,212,528,32,115,63,176,31,183,28,43,57,87,29,11,751,10,46,21,10,26,56,285,24,168,28,44,193,23
2024-03-04,24,88,44,32,5,342,37,20,192,29,16,215,28,82,58,367,431,19,109,45,6,43,201,15,19,151,6,293,46,21,39,10,308,58,20,4,34,5,19,88,251,63,11,14,11,60,159,617,8,163,470,20,95,50,113,22,167,18,22,53,58,16,8,562,9,48,19,15,14,40,227,18,147,25,33,172,31
2024-03-11,9,78,27,21,5,225,27,21,131,19,12,216,20,60,49,205,347,18,94,33,7,38,165,9,7,127,5,231,40,15,40,7,162,58,15,3,21,8,20,58,133,46,9,8,18,39,97,444,3,144,275,13,75,39,60,17,100,30,35,34,32,18,7,349,13,30,10,12,15,46,239,13,121,20,31,128,31
2024-03-18,14,39,12,16,6,122,8,4,66,23,12,149,12,27,19,103,163,14,61,19,4,29,85,9,8,53,6,127,34,12,45,6,95,47,20,5,16,4,9,39,81,44,10,11,12,20,85,289,3,62,318,9,38,22,52,8,51,19,24,29,29,20,2,165,10,26,2,15,9,39,162,13,62,14,11,67,17
2024-03-25,16,62,20,14,3,181,21,16,94,20,15,174,22,55,41,194,301,12,98,20,5,31,138,12,9,124,5,212,48,15,47,7,116,35,17,6,14,4,25,62,102,68,12,13,17,43,119,412,5,78,318,15,84,33,62,13,74,16,27,57,39,20,7,295,11,29,10,4,11,44,160,17,99,15,24,127,15
2024-04-01,5,43,23,21,2,121,40,17,60,13,9,159,15,20,29,138,375,16,85,21,8,26,86,7,7,91,8,154,26,11,32,6,73,38,19,3,13,1,5,29,73,37,8,8,17,25,65,270,2,79,169,10,109,47,50,9,61,13,19,62,24,19,4,204,11,18,3,9,15,40,206,9,60,18,25,58,13
2024-04-08,16,56,24,23,8,204,38,18,109,19,13,268,13,53,47,267,476,18,104,43,6,36,166,7,8,126,7,233,31,17,35,17,186,41,21,4,16,5,15,53,145,40,13,12,12,72,127,387,6,109,241,15,92,37,66,23,89,18,20,46,33,18,6,388,8,21,7,19,13,71,256,18,102,22,27,109,18
2024-04-15,4,40,10,13,3,63,14,16,55,5,7,99,5,22,5,60,229,14,33,16,3,23,62,5,3,53,2,58,31,3,13,6,45,31,11,2,7,3,9,23,49,33,4,7,14,24,57,113,1,40,112,0,27,17,18,19,46,17,19,16,10,16,5,148,9,9,2,14,10,33,176,9,58,12,10,30,5
2024-04-22,13,45,20,18,4,116,13,16,126,11,16,278,10,34,30,132,194,16,49,20,1,26,101,7,5,117,3,110,17,14,20,9,102,40,22,4,9,4,15,32,133,25,6,10,12,27,53,268,2,51,209,4,48,18,29,18,74,18,27,31,19,9,3,261,8,21,4,13,13,30,205,14,58,17,10,55,8
2024-04-29,6,57,18,20,7,153,14,13,93,13,13,220,23,39,25,120,152,14,71,20,4,43,104,3,8,94,8,153,27,18,24,10,81,43,22,7,17,3,5,53,83,51,7,14,12,22,74,211,4,70,189,9,32,24,38,16,60,8,16,31,23,13,2,156,4,28,5,13,16,35,237,16,65,16,16,65,10
2024-05-06,14,31,15,22,4,155,22,12,83,22,20,142,14,42,36,143,341,16,73,28,5,37,148,7,7,77,3,163,27,11,27,7,112,36,13,1,11,3,10,52,66,34,9,10,12,20,75,210,2,72,264,3,71,20,54,7,117,20,33,26,18,9,4,197,8,33,10,12,13,36,205,12,81,23,18,56,9
2024-05-13,11,72,33,22,4,171,26,13,109,27,16,120,23,51,46,171,290,8,67,15,9,28,105,13,9,110,8,167,43,14,29,5,208,47,19,5,16,5,12,53,94,56,12,15,13,26,142,409,4,114,240,13,57,29,58,10,138,15,20,43,31,11,5,237,9,23,7,12,17,36,172,13,99,20,23,74,20
2024-05-20,15,73,32,31,9,238,35,14,133,20,11,169,23,60,53,194,224,17,98,26,2,42,204,16,14,156,9,224,55,21,36,8,221,69,26,8,18,7,19,79,144,44,11,13,17,37,107,410,6,116,309,22,75,37,72,8,129,24,33,45,51,17,6,354,12,37,16,15,22,55,230,24,115,23,22,96,14
2024-05-27,17,62,52,22,2,328,34,14,126,34,19,207,16,64,67,236,400,13,84,19,3,59,156,9,13,132,6,248,42,16,54,10,207,64,18,2,16,5,14,97,151,51,10,13,11,24,174,498,9,112,405,16,109,38,73,9,131,18,30,23,41,15,3,406,5,41,6,15,17,33,201,13,110,23,24,84,13
2024-06-03,21,62,38,24,2,312,39,16,167,39,12,215,21,81,50,242,427,18,93,28,5,48,162,9,15,136,4,228,35,10,37,11,193,41,18,5,20,6,14,83,156,56,11,12,16,35,160,568,6,128,364,22,84,34,70,19,140,19,26,36,55,19,5,430,6,31,9,21,15,53,250,18,105,21,28,116,15
2024-06-10,15,54,30,20,4,237,32,19,113,24,16,148,13,67,28,245,204,18,71,25,7,35,122,5,11,88,7,169,26,17,37,9,136,42,23,4,23,4,10,64,104,63,9,8,20,33,123,320,8,98,266,7,59,30,71,20,131,19,26,36,30,16,7,299,9,26,8,19,17,43,256,19,96,26,33,87,17
2024-06-17,16,54,30,26,6,215,24,17,118,20,11,127,18,55,46,153,236,13,60,21,6,26,147,3,19,124,7,189,45,16,30,14,137,53,17,4,12,5,13,60,124,40,9,13,14,34,70,340,5,110,250,8,53,31,47,11,113,25,23,39,27,16,3,224,9,22,8,8,23,45,188,16,85,21,28,96,8
2024-06-24,15,56,26,29,7,188,38,20,145,18,12,132,25,60,50,231,293,12,77,23,6,25,191,7,13,111,6,217,47,16,29,9,157,80,25,4,20,5,12,63,121,36,14,14,18,45,111,317,6,138,273,11,69,20,50,12,136,19,21,39,37,14,7,292,10,29,9,16,14,51,168,12,114,22,35,91,14
2024-07-01,16,67,28,28,5,223,27,13,103,23,11,159,24,57,41,237,272,12,82,33,6,26,154,10,16,108,4,218,36,20,34,10,195,61,23,3,21,4,16,65,146,61,11,10,12,45,129,411,5,133,327,11,73,37,60,15,120,21,22,44,41,17,6,314,6,28,13,15,18,43,262,20,126,25,43,121,17
2024-07-08,12,48,42,18,6,224,24,14,87,20,10,138,18,57,42,207,213,12,68,18,6,23,159,11,13,94,5,188,29,15,20,13,125,81,17,6,17,3,13,55,151,49,10,16,15,28,111,397,5,94,219,15,49,34,65,6,126,17,20,44,33,12,4,225,6,21,9,6,12,46,148,15,100,22,42,104,13
2024-07-15,23,61,38,24,7,287,46,24,161,27,18,216,19,69,55,277,427,17,115,39,9,40,199,11,10,160,3,340,48,14,44,13,216,56,19,5,22,3,14,73,201,87,10,14,21,47,123,400,8,162,418,20,99,57,81,20,141,24,31,56,54,20,6,437,14,25,13,10,9,49,230,16,100,27,51,141,23
2024-07-22,16,49,24,26,6,189,32,18,104,23,12,159,22,64,57,242,358,19,85,29,7,24,178,17,9,157,5,313,44,13,27,8,173,55,19,5,23,5,12,69,144,51,10,11,16,33,110,388,5,111,272,11,85,37,66,14,113,24,24,41,34,18,8,292,7,20,7,14,15,54,249,22,81,28,38,108,25
2024-07-29,10,47,25,23,6,224,36,15,127,22,12,143,22,64,57,240,359,14,88,31,5,25,173,16,18,127,5,202,31,13,28,10,164,48,19,3,24,4,17,53,135,53,11,7,9,44,124,437,1,118,278,13,86,48,71,17,89,26,17,53,39,27,5,382,7,23,11,16,14,36,217,20,110,31,42,104,21
2024-08-05,11,42,15,12,5,148,17,12,58,13,7,86,18,36,37,160,146,12,50,17,4,24,167,5,9,87,3,215,29,13,21,7,110,45,14,4,13,2,5,52,88,32,7,7,13,18,88,195,2,77,219,6,36,20,39,4,83,18,20,28,22,10,4,247,9,19,6,12,11,27,129,20,58,28,30,64,13
2024-08-12,14,25,16,19,5,148,24,18,101,13,9,138,16,64,45,217,270,11,72,20,5,21,214,10,17,105,3,160,24,14,24,7,126,36,13,4,9,4,9,58,83,32,8,7,16,27,82,353,4,98,180,12,56,31,52,14,79,19,22,31,25,8,6,270,10,25,12,12,11,32,149,15,66,27,28,67,16
2024-08-19,22,82,24,31,5,280,46,17,146,22,13,245,21,48,53,282,527,14,125,34,6,45,212,24,13,167,5,312,31,16,37,12,206,49,23,7,22,6,18,76,237,57,7,13,17,39,81,459,9,140,382,10,120,42,84,16,117,19,35,51,41,10,7,428,11,35,12,14,17,48,283,12,118,26,22,119,16
2024-08-26,10,45,19,25,7,165,27,10,127,17,8,209,10,42,31,183,376,14,64,27,5,31,173,6,9,106,4,183,31,11,50,12,120,38,22,3,15,5,18,69,112,35,7,19,13,27,72,300,5,107,248,10,55,51,38,9,121,17,27,24,26,8,4,250,10,19,8,17,17,37,225,16,61,28,25,61,14
2024-09-02,6,45,29,22,7,182,21,12,159,18,9,83,20,38,29,151,333,16,60,23,3,24,152,7,11,74,4,150,34,15,43,6,154,29,24,5,13,7,19,62,104,38,8,12,14,17,87,232,5,119,216,10,55,18,44,12,83,22,28,43,26,15,5,215,12,25,7,13,13,39,243,12,66,19,24,79,10
2024-09-09,22,54,27,17,6,190,30,15,180,24,13,160,25,46,44,183,329,18,96,29,5,25,189,19,14,114,4,233,47,13,29,8,180,50,14,4,22,6,9,69,172,66,7,9,17,29,96,363,5,124,497,11,95,36,86,9,106,24,28,39,42,18,7,308,11,32,12,12,18,37,168,17,76,17,25,90,17
2024-09-16,15,70,30,23,4,278,30,17,187,15,14,190,23,66,50,308,379,17,131,28,6,40,165,15,13,152,5,249,37,12,33,13,163,53,22,6,26,5,15,72,155,56,14,15,17,47,92,455,9,114,329,16,72,46,103,11,95,18,23,44,50,19,3,305,9,27,9,18,16,49,216,22,126,23,35,129,15
2024-09-23,21,72,39,28,5,278,41,18,212,18,15,174,23,68,51,222,326,15,101,29,5,55,179,13,15,172,5,311,50,17,38,13,205,59,18,4,26,8,22,77,173,69,15,11,18,39,133,518,6,128,428,15,107,53,75,14,144,27,39,46,48,17,5,385,14,32,12,13,12,48,154,19,125,27,25,137,29
2024-09-30,17,47,15,24,4,169,25,15,134,20,6,163,21,52,48,198,297,14,70,27,4,29,149,4,10,136,4,177,25,12,24,11,134,41,19,4,13,5,13,64,129,35,8,11,16,32,67,289,2,118,356,12,68,23,64,12,81,25,24,27,25,14,5,237,9,24,8,14,17,45,251,20,80,25,30,78,13
2024-10-07,17,40,15,17,5,189,28,15,105,18,9,144,13,41,31,192,218,12,66,23,3,59,154,7,7,99,1,145,29,6,31,10,118,36,16,3,15,4,8,52,111,40,11,9,13,26,59,435,5,96,196,12,53,21,64,14,105,19,26,30,33,13,3,283,11,27,17,15,13,34,199,14,75,17,25,96,18
2024-10-14,11,82,32,21,5,282,43,16,125,25,12,200,22,69,48,244,350,16,103,34,8,51,227,12,12,172,1,273,51,13,44,8,184,42,23,7,19,4,15,88,179,48,11,14,15,37,82,586,4,158,309,22,72,55,96,9,128,24,28,43,63,24,8,427,14,27,12,7,13,43,251,21,82,36,36,134,25
2024-10-21,16,42,30,16,5,247,43,10,192,27,4,223,29,67,44,219,305,13,81,22,4,37,175,11,8,137,3,214,48,12,37,5,184,32,14,4,19,7,12,64,117,48,7,6,6,33,76,399,4,111,313,19,114,32,56,9,87,16,34,51,39,9,5,298,3,27,11,14,13,31,171,17,85,24,30,107,21
2024-10-28,14,73,21,21,9,233,36,18,150,24,8,116,19,58,36,189,241,15,73,26,4,39,172,9,12,106,3,179,42,17,27,9,100,41,19,6,21,5,17,60,127,47,6,11,13,31,80,339,4,118,262,17,63,47,60,7,95,22,29,44,37,14,7,321,13,24,13,11,15,47,270,15,78,24,34,101,19
2024-11-04,18,71,29,24,7,249,32,17,174,28,12,166,27,74,42,278,303,16,92,29,5,37,222,15,12,125,8,263,60,16,39,11,159,64,19,9,18,6,18,60,197,59,11,15,15,39,110,403,7,115,316,15,65,52,76,11,101,23,23,48,50,18,8,448,9,32,18,11,19,47,197,24,123,28,37,108,17
2024-11-11,22,92,33,23,8,313,33,24,168,26,14,187,21,72,48,282,309,22,103,44,9,39,210,7,13,174,3,331,37,17,24,11,207,60,25,7,29,9,26,69,187,61,8,10,23,43,108,490,3,138,392,21,100,44,74,17,94,25,38,54,46,16,7,503,15,32,18,21,15,54,272,22,128,28,42,149,22
2024-11-18,17,88,35,18,8,268,40,20,169,26,19,200,33,73,48,313,463,17,120,43,4,54,241,20,20,165,8,324,63,24,50,14,248,57,22,8,31,7,27,68,172,60,17,11,11,60,130,555,6,149,328,18,100,37,107,18,93,23,26,56,51,23,5,362,8,30,16,18,14,52,194,20,171,23,35,137,24
2024-11-25,22,77,37,16,9,270,42,27,196,25,8,212,30,66,57,333,328,16,105,44,9,42,202,15,14,155,7,330,55,19,41,12,273,64,22,8,21,8,18,78,209,67,17,14,16,57,125,520,8,138,361,17,83,51,112,14,111,26,31,59,49,25,9,359,11,34,9,14,18,60,255,31,144,21,48,144,22
2024-12-02,21,73,56,32,6,353,50,22,208,25,16,236,30,77,72,359,407,16,141,35,8,52,284,17,26,153,9,338,41,22,43,15,223,76,22,5,29,9,19,73,238,62,16,11,18,53,146,555,10,176,439,19,94,55,112,14,136,24,33,64,70,18,10,553,13,30,10,14,19,66,283,21,159,31,31,168,30
2024-12-09,12,32,18,23,3,121,19,8,87,15,3,107,19,27,37,105,221,12,56,23,3,24,141,6,14,68,7,183,30,14,14,5,105,63,18,4,8,3,4,61,88,26,10,7,12,22,123,174,4,84,121,4,42,19,47,1,60,21,19,26,27,10,3,168,10,40,5,12,16,36,188,17,72,15,19,48,8
2024-12-16,8,30,11,23,4,96,16,12,71,11,5,62,14,20,23,128,115,17,40,22,5,19,87,4,10,35,7,100,20,15,13,2,44,37,17,2,4,1,8,36,52,13,9,8,20,16,58,155,2,61,78,6,28,21,35,5,50,16,22,26,20,8,5,125,9,14,3,7,18,38,182,13,92,16,22,40,9
2024-12-23,11,27,9,14,2,86,14,11,78,12,4,140,7,27,16,265,184,18,45,19,1,11,58,7,14,48,5,111,11,7,25,4,38,32,11,3,2,3,9,30,46,26,11,5,14,12,55,181,3,53,165,6,51,32,53,6,42,20,21,22,17,8,2,123,8,11,1,10,11,27,151,4,75,17,43,37,8
2024-12-30,14,53,20,18,7,123,17,13,74,15,10,252,18,36,31,177,184,13,62,23,6,22,127,12,9,68,4,338,30,14,34,2,79,40,15,5,11,4,15,33,82,37,12,10,17,22,81,352,3,70,241,10,48,35,58,5,105,17,24,35,46,13,3,263,9,22,9,12,14,41,162,12,122,19,41,65,15
2025-01-06,12,58,20,16,5,113,16,17,55,12,7,103,14,43,15,270,151,18,40,19,3,26,146,6,8,51,4,240,37,8,19,6,80,33,11,1,17,6,10,27,67,45,9,4,13,52,61,313,6,64,221,8,35,22,37,14,51,24,22,25,40,8,5,232,10,17,11,10,8,38,177,9,55,11,23,99,12
2025-01-13,9,52,21,22,9,173,17,14,124,19,11,180,19,47,44,180,293,20,79,25,5,26,200,11,12,82,6,235,39,15,20,9,118,57,19,5,11,5,14,49,140,36,7,11,19,43,107,328,7,102,194,13,52,28,71,16,100,22,29,39,37,14,5,390,12,21,8,7,15,50,225,18,85,16,28,87,12
2025-01-20,10,31,18,17,5,108,22,13,98,12,5,96,15,26,29,136,177,13,53,12,5,17,124,8,7,64,6,183,31,9,21,3,84,51,18,3,3,2,10,36,101,26,11,6,19,16,96,342,3,80,115,6,39,33,28,9,74,23,27,31,12,10,2,502,10,10,6,11,11,44,222,14,57,15,25,53,12
2025-01-27,7,42,14,21,4,153,20,15,105,10,8,111,14,37,31,156,418,9,65,31,3,31,126,8,11,85,7,221,24,12,22,5,107,42,21,4,8,3,11,44,132,23,6,9,11,25,114,331,4,112,141,5,61,22,46,13,89,14,31,30,20,22,4,447,7,13,9,12,15,42,248,16,72,21,26,72,11
2025-02-03,11,42,12,16,3,74,17,10,33,11,7,98,8,25,20,95,439,17,40,13,3,17,106,3,8,72,5,104,17,9,14,5,82,37,13,0,2,3,7,34,43,21,9,7,16,15,36,543,2,74,166,4,44,17,22,11,44,16,18,25,14,8,4,292,11,12,4,14,14,30,201,14,62,14,14,32,10
2025-02-10,14,30,28,13,5,131,25,13,61,13,7,110,11,32,21,166,481,18,73,18,7,27,93,8,7,65,3,158,24,11,20,3,102,35,13,0,6,6,11,40,76,29,6,9,14,23,40,380,4,128,201,4,66,23,46,12,73,18,19,30,16,8,6,296,7,15,5,14,14,25,178,10,70,17,39,56,11
2025-02-17,11,42,29,16,7,200,37,23,101,18,8,130,22,53,48,240,395,13,82,28,8,26,142,11,8,114,4,172,27,11,32,9,122,59,19,5,15,4,14,68,111,29,10,13,15,35,67,430,4,129,169,9,72,28,72,12,61,21,33,36,32,15,5,447,10,17,14,17,17,41,185,18,78,19,17,87,18
2025-02-24,9,51,30,16,6,149,23,9,93,20,8,149,21,54,38,190,535,15,61,27,7,23,126,8,5,83,5,237,40,13,21,12,125,34,17,6,9,5,14,39,122,47,8,11,14,24,86,645,2,102,211,10,69,27,56,8,119,19,28,42,37,10,3,298,10,18,6,7,11,39,186,14,85,26,38,103,17
2025-03-03,7,38,15,18,5,117,28,13,85,16,4,91,8,34,29,168,442,11,57,18,3,30,151,6,7,55,3,141,26,8,10,5,65,40,17,3,7,4,12,36,97,22,7,5,14,16,66,475,4,74,119,11,35,14,35,6,67,21,31,31,15,11,4,197,9,11,4,13,10,37,169,17,45,14,26,54,13
2025-03-10,8,47,20,14,4,97,11,10,91,16,8,125,13,33,19,121,333,13,55,17,3,26,180,4,6,62,1,83,22,13,19,3,64,34,10,3,7,6,12,33,80,18,6,6,15,50,52,525,3,63,221,13,37,17,35,3,65,19,29,24,24,12,2,271,11,16,7,13,6,25,175,14,56,17,23,62,15
2025-03-17,17,43,26,16,3,221,25,15,160,38,7,238,25,58,40,185,341,18,84,26,6,36,145,15,14,102,3,226,32,15,26,7,129,35,15,5,19,4,18,56,93,40,7,12,13,25,65,591,4,88,326,6,65,33,81,12,99,16,31,46,25,13,4,330,10,31,8,15,13,33,181,17,116,16,20,92,17
2025-03-24,18,69,21,20,5,193,25,15,123,48,15,200,26,52,43,216,531,14,86,25,8,38,185,14,12,113,4,220,41,17,35,15,186,36,15,4,13,5,16,60,170,45,10,15,15,27,88,483,6,109,259,15,67,34,100,11,108,19,31,41,38,14,7,372,9,23,12,8,14,40,240,15,107,22,31,93,15
2025-03-31,14,48,23,19,4,189,27,10,76,25,7,158,19,47,39,190,383,15,76,23,5,31,241,8,13,86,2,210,34,15,21,11,130,43,18,4,11,3,11,45,119,32,7,8,17,36,83,519,5,113,240,17,71,21,59,12,76,19,19,34,30,13,4,267,14,18,11,12,14,36,229,17,92,28,25,94,19
2025-04-07,7,45,17,20,3,161,29,14,65,26,9,148,17,60,36,179,327,13,52,34,5,37,128,12,10,112,5,180,25,12,27,7,127,44,21,2,10,5,11,57,95,38,8,6,14,34,77,489,3,85,206,11,73,22,43,15,82,27,28,25,28,11,5,388,11,15,9,16,18,45,221,16,73,27,18,72,16
2025-04-14,15,58,19,10,3,221,33,17,117,16,7,124,17,39,33,218,283,11,69,25,4,32,109,10,15,116,2,196,24,10,23,11,149,40,15,3,14,4,15,47,114,41,9,13,10,45,139,360,5,88,245,18,74,28,71,15,96,17,24,40,47,19,3,252,7,18,13,18,7,36,153,9,83,16,24,125,16
2025-04-21,15,83,35,26,7,256,44,23,162,24,11,197,26,65,51,274,296,17,128,35,6,45,153,13,13,149,3,287,51,18,42,12,184,67,20,4,20,7,14,87,185,57,9,14,18,44,120,681,5,125,385,19,129,38,86,17,116,30,37,53,47,15,7,496,8,36,8,15,15,50,234,20,110,19,27,105,18
2025-04-28,12,50,35,25,6,261,46,22,157,29,14,200,16,63,43,243,377,14,79,27,4,32,155,11,11,118,4,308,29,15,25,7,216,63,21,4,17,6,24,63,136,35,7,9,13,43,97,615,5,111,308,11,111,37,82,15,88,21,20,50,35,11,4,340,10,25,13,10,15,42,241,14,91,31,33,95,21
2025-05-05,17,84,34,29,8,292,25,18,127,24,9,220,24,53,43,263,311,17,96,28,10,30,172,10,11,142,2,276,44,16,40,12,202,57,19,2,17,5,18,63,182,68,11,10,12,44,88,587,6,128,328,17,76,49,85,10,100,24,31,52,40,15,10,423,7,25,11,16,14,40,203,21,125,23,31,114,19
2025-05-12,12,50,22,22,4,201,29,7,124,21,5,178,15,62,32,157,316,18,75,19,8,18,133,7,10,101,2,149,36,8,24,7,124,41,14,4,13,5,13,45,99,40,8,11,14,23,98,411,3,80,192,11,110,31,41,6,102,21,26,18,39,8,5,354,9,21,8,16,10,37,211,19,77,21,23,69,19
2025-05-19,6,32,15,24,2,82,25,7,78,15,5,85,16,23,25,105,190,14,55,12,4,10,105,4,7,62,1,144,21,5,16,5,34,28,9,2,6,3,0,38,60,17,6,3,13,16,49,348,4,79,135,8,60,24,26,4,76,19,20,17,13,7,3,246,9,11,4,14,12,23,159,9,38,22,15,47,12
2025-05-26,11,40,18,25,4,150,28,15,143,24,6,152,15,38,28,220,263,17,69,16,6,21,127,4,10,67,5,159,16,11,24,6,149,44,17,4,13,2,7,56,63,34,16,7,16,29,72,647,5,109,184,12,72,39,49,3,70,23,27,34,20,15,6,336,9,21,6,17,14,30,174,19,60,31,25,55,21
2025-06-02,7,42,23,16,6,149,22,14,170,22,5,111,12,30,27,140,233,15,67,18,3,15,209,5,6,131,3,111,27,7,15,3,83,48,13,2,5,4,2,46,81,38,17,4,14,44,65,591,3,125,192,5,56,39,25,7,50,21,31,38,22,5,4,218,8,15,9,18,12,30,165,20,58,26,32,74,13
2025-06-09,15,43,26,20,4,161,28,14,172,17,6,174,12,45,30,144,296,16,68,31,3,18,237,8,7,127,3,163,33,12,37,7,131,42,16,4,6,3,12,40,80,66,19,8,14,73,95,564,5,104,287,9,48,36,48,11,71,24,27,87,22,8,3,254,8,15,13,23,11,25,206,20,70,21,31,71,13
2025-06-16,12,43,14,22,2,142,29,14,144,23,6,121,14,34,28,110,259,14,66,28,3,19,215,11,9,107,3,183,30,12,31,4,95,35,13,5,12,3,14,44,79,35,8,5,9,26,75,392,5,89,184,9,68,25,63,7,58,23,25,59,22,12,5,308,8,15,12,16,19,24,170,18,52,26,22,55,12
2025-06-23,6,44,15,21,2,134,35,10,152,7,8,105,15,33,38,166,218,12,99,25,7,27,138,9,7,62,1,135,18,6,25,2,88,29,14,1,8,3,9,47,80,22,10,7,13,32,81,367,4,99,152,8,63,37,44,9,63,23,28,40,20,10,5,247,10,19,8,17,15,35,214,19,69,17,21,48,9
2025-06-30,12,53,22,22,4,242,39,18,124,16,7,162,10,46,35,209,457,11,72,20,5,19,141,8,9,151,0,177,34,8,34,3,114,35,9,2,9,3,16,49,88,24,10,7,15,32,88,509,4,106,319,10,95,34,64,13,71,23,33,34,21,14,5,326,10,15,11,14,11,34,163,15,79,20,31,76,10
2025-07-07,18,69,49,19,8,278,44,12,125,19,11,207,15,48,41,193,476,18,139,27,5,30,174,16,10,178,5,234,45,12,41,7,133,38,12,3,14,5,12,75,119,41,13,7,12,55,89,594,7,110,332,16,120,39,59,13,79,24,29,36,41,14,6,360,9,23,12,23,12,38,165,25,102,18,32,90,14
2025-07-14,17,76,39,21,7,220,38,20,118,25,13,166,23,49,51,218,307,16,116,28,6,26,183,12,21,124,5,186,54,16,35,7,155,78,23,5,15,6,15,74,137,50,14,16,16,38,134,387,7,137,300,10,81,46,69,9,102,22,26,37,34,22,6,353,9,29,12,17,14,47,185,21,109,21,34,80,15
2025-07-21,10,20,18,12,3,142,24,10,124,16,5,123,12,39,25,180,346,18,71,18,4,25,141,10,13,82,2,211,31,8,18,7,65,53,14,1,7,1,7,53,76,21,11,9,13,40,63,279,4,69,163,3,59,26,37,4,80,21,28,49,20,11,3,204,11,18,7,13,14,32,179,19,84,15,22,43,7
2025-07-28,10,14,15,14,3,90,36,8,67,5,5,90,11,18,15,288,184,12,40,15,5,10,76,11,11,53,1,77,13,3,6,2,43,23,13,1,5,0,2,32,50,22,3,4,10,25,42,348,3,60,106,4,38,29,35,8,34,14,17,12,13,7,4,203,7,7,6,12,14,34,195,14,51,23,14,33,5
2025-08-04,4,28,26,18,3,191,46,8,70,8,6,109,14,27,19,112,244,11,52,15,2,22,122,5,7,67,0,92,25,8,14,4,63,34,14,3,9,2,5,39,56,18,3,8,9,19,40,316,5,72,109,5,30,19,27,3,54,13,14,25,18,9,5,236,4,13,7,15,10,24,175,13,111,18,22,35,5
2025-08-11,16,33,27,23,6,164,35,12,85,21,7,167,17,46,38,201,202,21,69,28,3,26,119,10,9,169,0,176,46,11,20,3,118,36,15,3,13,5,6,75,127,36,12,7,10,34,87,607,4,130,236,7,72,30,52,5,69,17,24,40,29,18,3,306,10,18,7,16,13,38,167,14,155,24,19,79,14
2025-08-18,12,24,40,13,6,197,41,14,115,33,4,198,18,40,68,167,211,17,85,29,4,21,126,7,10,174,0,157,23,13,24,10,93,39,16,2,9,4,4,79,97,24,11,8,16,32,72,462,2,108,259,6,51,33,49,17,70,26,26,24,23,21,4,380,12,10,8,15,15,48,173,20,79,27,19,88,11
2025-08-25,8,25,22,18,2,178,26,10,82,23,4,159,13,39,40,176,199,18,66,29,5,16,98,8,7,126,0,147,24,5,24,7,87,33,14,2,19,4,11,37,70,21,9,7,17,32,63,470,4,111,217,5,61,41,66,13,51,18,28,21,22,16,3,311,12,9,8,11,10,38,222,10,82,23,21,84,15
2025-09-01,5,28,9,14,1,105,29,10,74,18,6,100,9,38,32,176,145,9,54,17,4,14,122,4,8,189,0,119,27,7,20,4,70,31,12,4,13,1,6,54,57,25,3,7,17,23,56,502,1,152,123,14,33,31,53,9,62,22,42,22,23,21,2,176,11,11,3,8,11,31,205,17,72,21,25,68,16
2025-09-08,3,9,2,1,0,26,6,2,18,0,2,30,0,10,2,33,52,3,11,1,2,3,27,1,0,21,0,22,8,3,4,1,18,3,3,0,0,0,1,13,21,7,2,1,0,3,12,24,0,24,40,1,6,9,8,0,8,4,6,2,1,4,0,42,0,5,2,1,4,4,23,5,11,3,2,14,2
