trading_coin,reference_coin,trade_type,time_entered,time_exited,log_return
1000LUNC,IOTA,short,2024-01-08 01:00:00,2024-01-09 15:00:00,-0.0509517371107677
1000LUNC,IOTA,long,2024-01-10 19:00:00,2024-01-12 00:00:00,0.065993240040654
1000LUNC,IOTA,short,2024-01-12 01:00:00,2024-01-12 15:00:00,0.0620942470918005
1000LUNC,IOTA,short,2024-01-13 17:00:00,2024-01-14 07:00:00,0.0384231672913708
1000LUNC,IOTA,short,2024-01-17 17:00:00,2024-01-18 02:00:00,0.008851751689028
1000LUNC,IOTA,short,2024-01-18 08:00:00,2024-01-18 13:00:00,0.0631805993293713
1000LUNC,IOTA,long,2024-01-22 15:00:00,2024-01-23 10:00:00,-0.07620729669274
1000LUNC,IOTA,short,2024-01-23 14:00:00,2024-01-24 00:00:00,-0.0399662267934337
1000LUNC,IOTA,long,2024-01-24 10:00:00,2024-01-26 07:00:00,-0.0385798266406122
1000LUNC,IOTA,short,2024-01-26 09:00:00,2024-01-27 16:00:00,-0.0648657976323555
1000LUNC,IOTA,long,2024-01-27 18:00:00,2024-01-28 13:00:00,0.0049027063033791
1000LUNC,IOTA,short,2024-01-28 16:00:00,2024-01-29 05:00:00,0.0166098602035017
1000LUNC,IOTA,long,2024-01-29 07:00:00,2024-01-29 22:00:00,0.0250449608224814
1000LUNC,IOTA,short,2024-01-30 05:00:00,2024-01-30 15:00:00,0.0051880790817778
1000LUNC,IOTA,long,2024-01-31 02:00:00,2024-01-31 05:00:00,0.0087050577869196
1000LUNC,IOTA,short,2024-01-31 07:00:00,2024-01-31 15:00:00,0.0236758356852846
1000LUNC,IOTA,long,2024-02-01 03:00:00,2024-02-01 17:00:00,0.0137243496823997
1000LUNC,IOTA,short,2024-02-02 00:00:00,2024-02-02 10:00:00,0.0037668769036387
1000LUNC,IOTA,long,2024-02-02 14:00:00,2024-02-03 01:00:00,0.0281414040891097
1000LUNC,IOTA,short,2024-02-03 18:00:00,2024-02-04 10:00:00,0.0013838096504975
1000LUNC,IOTA,short,2024-02-04 12:00:00,2024-02-04 20:00:00,0.0246674228371039
1000LUNC,IOTA,short,2024-02-05 06:00:00,2024-02-05 13:00:00,0.0197019401060224
1000LUNC,IOTA,short,2024-02-05 17:00:00,2024-02-06 01:00:00,0.0373968883630247
1000LUNC,IOTA,long,2024-02-06 02:00:00,2024-02-07 03:00:00,0.0072787901404953
1000LUNC,IOTA,short,2024-02-07 07:00:00,2024-02-07 20:00:00,-0.0089087448891095
1000LUNC,IOTA,long,2024-02-08 01:00:00,2024-02-08 05:00:00,0.0155141496936316
1000LUNC,IOTA,short,2024-02-08 17:00:00,2024-02-09 07:00:00,-0.013297822696353
1000LUNC,IOTA,long,2024-02-09 18:00:00,2024-02-09 22:00:00,0.0170006343213634
1000LUNC,IOTA,long,2024-02-10 00:00:00,2024-02-10 02:00:00,0.0574112903111407
1000LUNC,IOTA,long,2024-02-10 02:00:00,2024-02-10 02:00:00,0.0
1000LUNC,IOTA,long,2024-02-13 00:00:00,2024-02-14 22:00:00,0.0067014714047953
1000LUNC,IOTA,short,2024-02-15 04:00:00,2024-02-16 07:00:00,-0.0632701260048588
1000LUNC,IOTA,long,2024-02-16 10:00:00,2024-02-16 20:00:00,-0.0221446033700109
1000LUNC,IOTA,short,2024-02-17 10:00:00,2024-02-18 04:00:00,-0.010334174720559
1000LUNC,IOTA,long,2024-02-18 06:00:00,2024-02-18 23:00:00,0.027373331518711
1000LUNC,IOTA,long,2024-02-19 02:00:00,2024-02-19 04:00:00,0.0282837970481613
1000LUNC,IOTA,long,2024-02-19 12:00:00,2024-02-21 09:00:00,-0.1002972997302925
1000LUNC,IOTA,short,2024-02-21 13:00:00,2024-02-22 07:00:00,-0.0401746226428923
1000LUNC,IOTA,short,2024-02-23 04:00:00,2024-02-23 17:00:00,-0.0045280610853823
1000LUNC,IOTA,short,2024-02-25 16:00:00,2024-02-26 05:00:00,0.0426941092188063
1000LUNC,IOTA,long,2024-02-26 19:00:00,2024-02-27 04:00:00,0.0210031954248316
1000LUNC,IOTA,long,2024-02-27 13:00:00,2024-02-28 10:00:00,0.0388289770264008
1000LUNC,IOTA,long,2024-02-28 14:00:00,2024-02-28 18:00:00,-0.0731603334761248
1000LUNC,IOTA,long,2024-02-28 21:00:00,2024-02-28 22:00:00,0.0423075598410126
1000LUNC,IOTA,short,2024-02-28 23:00:00,2024-02-29 19:00:00,-0.0471862152207595
1000LUNC,IOTA,long,2024-03-01 06:00:00,2024-03-01 19:00:00,0.0458783336968578
1000LUNC,IOTA,short,2024-03-01 22:00:00,2024-03-03 02:00:00,-0.1502556499120832
1000LUNC,IOTA,short,2024-03-03 10:00:00,2024-03-03 14:00:00,0.0305824066464349
1000LUNC,IOTA,short,2024-03-04 05:00:00,2024-03-04 07:00:00,0.006731873475445
1000LUNC,IOTA,long,2024-03-04 11:00:00,2024-03-04 16:00:00,0.0360529313437297
1000LUNC,IOTA,short,2024-03-05 02:00:00,2024-03-05 06:00:00,0.0769084800996125
1000LUNC,IOTA,long,2024-03-05 07:00:00,2024-03-05 13:00:00,0.2237596110374451
1000LUNC,IOTA,long,2024-03-05 13:00:00,2024-03-05 13:00:00,0.0
1000LUNC,IOTA,long,2024-03-06 12:00:00,2024-03-07 13:00:00,0.0033972854417514
1000LUNC,IOTA,short,2024-03-08 02:00:00,2024-03-09 03:00:00,-0.0029263054483401
1000LUNC,IOTA,long,2024-03-10 06:00:00,2024-03-13 02:00:00,-0.0523018862301537
1000LUNC,IOTA,long,2024-03-13 15:00:00,2024-03-14 09:00:00,0.0175495852519022
1000LUNC,IOTA,short,2024-03-17 00:00:00,2024-03-17 14:00:00,-0.0378969426015755
1000LUNC,IOTA,long,2024-03-21 00:00:00,2024-03-21 20:00:00,0.0204253459836848
1000LUNC,IOTA,short,2024-03-22 17:00:00,2024-03-23 17:00:00,-0.0975957189921205
1000LUNC,IOTA,short,2024-03-24 18:00:00,2024-03-24 20:00:00,0.010885134380199
1000LUNC,IOTA,short,2024-03-25 06:00:00,2024-03-25 13:00:00,0.0333093100237837
1000LUNC,IOTA,long,2024-03-25 15:00:00,2024-03-26 13:00:00,0.022267273756453
1000LUNC,IOTA,long,2024-03-26 22:00:00,2024-03-27 06:00:00,0.004480963435036
1000LUNC,IOTA,long,2024-03-28 08:00:00,2024-03-28 19:00:00,0.0122402117769466
1000LUNC,IOTA,short,2024-03-28 22:00:00,2024-03-29 11:00:00,0.0343598281786147
1000LUNC,IOTA,long,2024-03-29 21:00:00,2024-03-30 12:00:00,0.017699577099401
1000LUNC,IOTA,short,2024-03-31 15:00:00,2024-04-01 23:00:00,0.0618074467121936
1000LUNC,IOTA,long,2024-04-08 11:00:00,2024-04-08 22:00:00,0.042826984350994
1000LUNC,IOTA,short,2024-04-09 03:00:00,2024-04-10 20:00:00,0.0929620615999478
1000LUNC,IOTA,long,2024-04-11 05:00:00,2024-04-11 14:00:00,-0.0167448644138194
1000LUNC,IOTA,long,2024-04-12 00:00:00,2024-04-12 16:00:00,-0.0403833931074585
1000LUNC,IOTA,long,2024-04-12 18:00:00,2024-04-13 01:00:00,0.0358504398308552
1000LUNC,IOTA,short,2024-04-14 08:00:00,2024-04-16 04:00:00,0.0463935889446455
1000LUNC,IOTA,short,2024-04-20 17:00:00,2024-04-21 05:00:00,0.0259848941834948
1000LUNC,IOTA,short,2024-04-23 06:00:00,2024-04-23 17:00:00,0.0079344505127208
1000LUNC,IOTA,long,2024-04-23 20:00:00,2024-04-24 17:00:00,-0.0434435204101448
1000LUNC,IOTA,short,2024-04-25 20:00:00,2024-04-26 18:00:00,0.0185906329617454
1000LUNC,IOTA,long,2024-04-27 04:00:00,2024-04-27 15:00:00,0.0013338416611714
1000LUNC,IOTA,short,2024-05-05 20:00:00,2024-05-06 09:00:00,-0.0450805451113964
1000LUNC,IOTA,long,2024-05-06 16:00:00,2024-05-07 22:00:00,-0.0531048234507542
1000LUNC,IOTA,short,2024-05-08 01:00:00,2024-05-08 16:00:00,-0.0088525636428822
1000LUNC,IOTA,long,2024-05-08 19:00:00,2024-05-09 10:00:00,-0.0027747231121014
1000LUNC,IOTA,short,2024-05-10 16:00:00,2024-05-12 10:00:00,-0.0102406459624553
1000LUNC,IOTA,short,2024-05-13 00:00:00,2024-05-13 14:00:00,0.0018072007581802
1000LUNC,IOTA,long,2024-05-15 12:00:00,2024-05-15 22:00:00,0.0427987973709753
1000LUNC,IOTA,short,2024-05-16 04:00:00,2024-05-16 09:00:00,0.0165382649742589
1000LUNC,IOTA,long,2024-05-17 10:00:00,2024-05-18 04:00:00,0.0200061733600834
1000LUNC,IOTA,short,2024-05-19 17:00:00,2024-05-20 04:00:00,-0.0063733866154734
1000LUNC,IOTA,long,2024-05-20 09:00:00,2024-05-21 14:00:00,0.0678995874023363
1000LUNC,IOTA,short,2024-05-22 02:00:00,2024-05-22 23:00:00,-0.0396891424083644
1000LUNC,IOTA,long,2024-05-23 04:00:00,2024-05-23 16:00:00,-0.0377205077523371
1000LUNC,IOTA,long,2024-05-24 11:00:00,2024-05-24 17:00:00,0.0220335850345405
1000LUNC,IOTA,short,2024-05-29 03:00:00,2024-05-29 19:00:00,0.0331541107500275
1000LUNC,IOTA,short,2024-05-30 15:00:00,2024-05-31 12:00:00,0.03309648744763
1000LUNC,IOTA,long,2024-05-31 20:00:00,2024-06-01 16:00:00,0.0047740783333576
1000LUNC,IOTA,short,2024-06-01 18:00:00,2024-06-02 03:00:00,0.018909774474173
1000LUNC,IOTA,short,2024-06-03 16:00:00,2024-06-04 03:00:00,0.0146256420125381
1000LUNC,IOTA,long,2024-06-04 11:00:00,2024-06-05 07:00:00,0.0325026505839455
1000LUNC,IOTA,long,2024-06-05 17:00:00,2024-06-06 04:00:00,0.0017548995436782
1000LUNC,IOTA,short,2024-06-06 20:00:00,2024-06-06 22:00:00,-0.000329245208341
1000LUNC,IOTA,long,2024-06-07 02:00:00,2024-06-07 18:00:00,-0.1307161144295561
1000LUNC,IOTA,short,2024-06-08 00:00:00,2024-06-09 09:00:00,0.0318844688272043
1000LUNC,IOTA,short,2024-06-09 14:00:00,2024-06-10 09:00:00,0.0114085548473889
1000LUNC,IOTA,long,2024-06-12 13:00:00,2024-06-12 22:00:00,0.0168596529952511
1000LUNC,IOTA,short,2024-06-13 01:00:00,2024-06-13 11:00:00,0.0502173408557524
1000LUNC,IOTA,long,2024-06-13 15:00:00,2024-06-13 23:00:00,0.0160330215121978
1000LUNC,IOTA,short,2024-06-16 01:00:00,2024-06-17 10:00:00,0.0054574609015498
1000LUNC,IOTA,long,2024-06-17 14:00:00,2024-06-18 02:00:00,-0.0934557518273656
1000LUNC,IOTA,short,2024-06-18 03:00:00,2024-06-18 21:00:00,-0.0241056198365187
1000LUNC,IOTA,long,2024-06-19 03:00:00,2024-06-20 21:00:00,-0.013845955729576
1000LUNC,IOTA,long,2024-06-22 03:00:00,2024-06-23 16:00:00,-0.1451562869862459
1000LUNC,IOTA,short,2024-06-24 05:00:00,2024-06-24 23:00:00,-0.1062740254393242
1000LUNC,IOTA,long,2024-06-25 04:00:00,2024-06-26 00:00:00,0.0019719010579892
1000LUNC,IOTA,short,2024-06-26 02:00:00,2024-06-27 12:00:00,0.0049484139355741
1000LUNC,IOTA,long,2024-06-27 17:00:00,2024-06-28 07:00:00,0.0026566855379331
1000LUNC,IOTA,short,2024-06-28 14:00:00,2024-06-30 00:00:00,0.028679737336767
1000LUNC,IOTA,long,2024-07-05 22:00:00,2024-07-06 13:00:00,0.0340319866765936
1000LUNC,IOTA,short,2024-07-07 16:00:00,2024-07-08 05:00:00,0.0407747679033251
1000LUNC,IOTA,long,2024-07-08 08:00:00,2024-07-08 21:00:00,-0.020504776493657
1000LUNC,IOTA,short,2024-07-13 19:00:00,2024-07-14 07:00:00,-0.007593256822821
1000LUNC,IOTA,long,2024-07-14 21:00:00,2024-07-15 01:00:00,0.0165731337248704
1000LUNC,IOTA,short,2024-07-15 15:00:00,2024-07-15 22:00:00,-0.0236630759300165
1000LUNC,IOTA,short,2024-07-16 16:00:00,2024-07-17 13:00:00,-0.0681405877023579
1000LUNC,IOTA,short,2024-07-17 13:00:00,2024-07-17 13:00:00,0.0
1000LUNC,IOTA,short,2024-07-19 10:00:00,2024-07-19 13:00:00,0.0032762837869943
1000LUNC,IOTA,short,2024-07-20 07:00:00,2024-07-20 09:00:00,0.0199016954098961
1000LUNC,IOTA,long,2024-07-21 01:00:00,2024-07-21 17:00:00,-0.0196771397935796
1000LUNC,IOTA,short,2024-07-22 07:00:00,2024-07-22 20:00:00,-0.0162986416620471
1000LUNC,IOTA,long,2024-07-23 08:00:00,2024-07-23 18:00:00,-0.0241625641929438
1000LUNC,IOTA,short,2024-07-24 05:00:00,2024-07-24 11:00:00,-0.0091229918498019
1000LUNC,IOTA,short,2024-07-25 00:00:00,2024-07-25 20:00:00,0.0537842511348979
1000LUNC,IOTA,short,2024-07-28 15:00:00,2024-07-28 18:00:00,0.009386393396264
1000LUNC,IOTA,short,2024-07-29 16:00:00,2024-07-30 18:00:00,0.0258386994646094
1000LUNC,IOTA,short,2024-08-01 04:00:00,2024-08-02 22:00:00,0.0457030959999166
1000LUNC,IOTA,short,2024-08-05 01:00:00,2024-08-05 17:00:00,-0.0715329952404538
1000LUNC,IOTA,long,2024-08-08 03:00:00,2024-08-08 22:00:00,0.0657513775627804
1000LUNC,IOTA,short,2024-08-10 16:00:00,2024-08-11 14:00:00,-0.0639534569727774
1000LUNC,IOTA,long,2024-08-11 15:00:00,2024-08-12 05:00:00,0.0050562615622847
1000LUNC,IOTA,long,2024-08-12 12:00:00,2024-08-13 00:00:00,0.0071920062700549
1000LUNC,IOTA,long,2024-08-14 15:00:00,2024-08-14 16:00:00,0.0060454232610311
1000LUNC,IOTA,short,2024-08-14 19:00:00,2024-08-15 05:00:00,0.050694582565709
1000LUNC,IOTA,long,2024-08-15 13:00:00,2024-08-15 18:00:00,-0.0346136051888949
1000LUNC,IOTA,short,2024-08-15 23:00:00,2024-08-17 06:00:00,-0.0075629516831253
1000LUNC,IOTA,short,2024-08-20 16:00:00,2024-08-21 09:00:00,-0.0100289169520762
1000LUNC,IOTA,short,2024-08-21 18:00:00,2024-08-21 19:00:00,0.0054593062246267
1000LUNC,IOTA,short,2024-08-23 19:00:00,2024-08-24 10:00:00,0.0017595957470839
1000LUNC,IOTA,short,2024-08-25 05:00:00,2024-08-25 18:00:00,0.0287742232361304
1000LUNC,IOTA,short,2024-08-25 20:00:00,2024-08-26 07:00:00,0.0481185032113133
1000LUNC,IOTA,long,2024-08-26 17:00:00,2024-08-27 06:00:00,-0.0012869261793698
1000LUNC,IOTA,short,2024-08-27 18:00:00,2024-08-29 06:00:00,0.0323943682195143
1000LUNC,IOTA,long,2024-08-29 15:00:00,2024-08-29 20:00:00,-0.0296992250797208
1000LUNC,IOTA,long,2024-09-01 18:00:00,2024-09-03 10:00:00,0.0190506636219098
1000LUNC,IOTA,short,2024-09-03 16:00:00,2024-09-04 14:00:00,-0.0084078267237461
1000LUNC,IOTA,short,2024-09-10 04:00:00,2024-09-10 10:00:00,0.008130619391645
1000LUNC,IOTA,short,2024-09-10 13:00:00,2024-09-11 02:00:00,0.0166441009244794
1000LUNC,IOTA,short,2024-09-11 09:00:00,2024-09-11 11:00:00,0.018391046627296
1000LUNC,IOTA,long,2024-09-12 20:00:00,2024-09-13 04:00:00,0.0276482639563842
1000LUNC,IOTA,long,2024-09-13 04:00:00,2024-09-13 04:00:00,0.0
1000LUNC,IOTA,short,2024-09-14 07:00:00,2024-09-15 04:00:00,-0.0181981260860092
1000LUNC,IOTA,long,2024-09-15 15:00:00,2024-09-16 00:00:00,-0.0400600305577707
1000LUNC,IOTA,long,2024-09-19 06:00:00,2024-09-19 20:00:00,0.038102073009489
1000LUNC,IOTA,long,2024-09-19 23:00:00,2024-09-22 05:00:00,-0.0193702129528143
1000LUNC,IOTA,short,2024-09-22 21:00:00,2024-09-23 03:00:00,-0.0308046001791014
1000LUNC,IOTA,short,2024-09-24 02:00:00,2024-09-24 08:00:00,-0.011190232167884
1000LUNC,IOTA,short,2024-09-24 14:00:00,2024-09-24 17:00:00,-0.0021969136430418
1000LUNC,IOTA,short,2024-09-25 12:00:00,2024-09-25 14:00:00,0.0006752194719739
1000LUNC,IOTA,short,2024-09-26 17:00:00,2024-09-27 02:00:00,0.0080276939082173
1000LUNC,IOTA,short,2024-09-27 13:00:00,2024-09-29 00:00:00,0.0477027657419446
1000LUNC,IOTA,short,2024-09-29 07:00:00,2024-09-30 05:00:00,-0.0696915935894799
1000LUNC,IOTA,long,2024-09-30 07:00:00,2024-09-30 14:00:00,-0.0209306334125707
1000LUNC,IOTA,short,2024-10-01 02:00:00,2024-10-03 01:00:00,0.0844007881248349
1000LUNC,IOTA,long,2024-10-03 19:00:00,2024-10-04 04:00:00,0.019267035300193
1000LUNC,IOTA,short,2024-10-04 07:00:00,2024-10-04 11:00:00,0.025145500183723
1000LUNC,IOTA,long,2024-10-05 05:00:00,2024-10-05 11:00:00,0.0011380449617945
1000LUNC,IOTA,short,2024-10-05 15:00:00,2024-10-06 11:00:00,0.0111285368388572
1000LUNC,IOTA,long,2024-10-06 14:00:00,2024-10-07 11:00:00,0.0
1000LUNC,IOTA,long,2024-10-07 16:00:00,2024-10-07 19:00:00,0.01246676876513
1000LUNC,IOTA,short,2024-10-08 00:00:00,2024-10-08 10:00:00,0.0338439861228922
1000LUNC,IOTA,short,2024-10-10 23:00:00,2024-10-11 07:00:00,-0.0022396425935049
1000LUNC,IOTA,long,2024-10-13 05:00:00,2024-10-14 02:00:00,-0.0254154819085898
1000LUNC,IOTA,short,2024-10-14 17:00:00,2024-10-14 20:00:00,0.0159044746812117
1000LUNC,IOTA,long,2024-10-15 09:00:00,2024-10-15 14:00:00,-0.0159254994499124
1000LUNC,IOTA,short,2024-10-15 15:00:00,2024-10-18 10:00:00,-0.008252528156078
1000LUNC,IOTA,long,2024-10-19 06:00:00,2024-10-19 09:00:00,0.0070229631351377
1000LUNC,IOTA,long,2024-10-20 02:00:00,2024-10-20 14:00:00,0.0394053389752297
1000LUNC,IOTA,short,2024-10-21 01:00:00,2024-10-21 04:00:00,0.0115484602544632
1000LUNC,IOTA,short,2024-10-21 06:00:00,2024-10-21 10:00:00,0.0191886206258663
1000LUNC,IOTA,short,2024-10-21 16:00:00,2024-10-22 19:00:00,0.0113528048079808
1000LUNC,IOTA,short,2024-10-25 04:00:00,2024-10-26 13:00:00,0.0626960316603889
1000LUNC,IOTA,short,2024-10-27 11:00:00,2024-10-27 21:00:00,-0.0039582239694995
1000LUNC,IOTA,long,2024-10-29 03:00:00,2024-10-30 05:00:00,0.0305658943249881
1000LUNC,IOTA,long,2024-10-30 08:00:00,2024-10-30 21:00:00,0.0018276627137733
1000LUNC,IOTA,short,2024-10-30 23:00:00,2024-10-31 19:00:00,0.0331426934290025
1000LUNC,IOTA,long,2024-11-01 05:00:00,2024-11-01 17:00:00,0.0012222902794037
1000LUNC,IOTA,short,2024-11-04 09:00:00,2024-11-05 03:00:00,0.00501134565058
1000LUNC,IOTA,long,2024-11-06 05:00:00,2024-11-07 11:00:00,0.0184191355183668
1000LUNC,IOTA,long,2024-11-07 17:00:00,2024-11-09 02:00:00,-0.0077469722501736
1000LUNC,IOTA,short,2024-11-09 12:00:00,2024-11-09 13:00:00,0.017944327805215
1000LUNC,IOTA,long,2024-11-10 03:00:00,2024-11-10 13:00:00,0.1116827175554781
1000LUNC,IOTA,long,2024-11-10 13:00:00,2024-11-10 13:00:00,0.0
1000LUNC,IOTA,long,2024-11-11 04:00:00,2024-11-12 15:00:00,-0.0304254331982616
1000LUNC,IOTA,long,2024-11-14 08:00:00,2024-11-14 15:00:00,-0.048062107827736
1000LUNC,IOTA,long,2024-11-15 13:00:00,2024-11-16 10:00:00,0.0863123206871319
1000LUNC,IOTA,short,2024-11-16 11:00:00,2024-11-16 19:00:00,0.0036870352593905
1000LUNC,IOTA,long,2024-11-17 10:00:00,2024-11-17 14:00:00,-0.0116055461203078
1000LUNC,IOTA,short,2024-11-17 16:00:00,2024-11-18 03:00:00,0.0042116644539874
1000LUNC,IOTA,long,2024-11-18 06:00:00,2024-11-19 04:00:00,-0.0193970626580005
1000LUNC,IOTA,short,2024-11-19 14:00:00,2024-11-20 10:00:00,0.0237386059778988
1000LUNC,IOTA,short,2024-11-21 14:00:00,2024-11-22 07:00:00,-0.0282012402635454
1000LUNC,IOTA,long,2024-11-22 08:00:00,2024-11-23 19:00:00,0.071040329549308
1000LUNC,IOTA,short,2024-11-23 22:00:00,2024-11-24 03:00:00,-0.0237062570936679
1000LUNC,IOTA,short,2024-11-24 09:00:00,2024-11-24 18:00:00,0.0468557095154038
1000LUNC,IOTA,long,2024-11-24 22:00:00,2024-11-25 02:00:00,0.0040955688647369
1000LUNC,IOTA,long,2024-11-25 06:00:00,2024-11-26 02:00:00,-0.0155565094500315
1000LUNC,IOTA,short,2024-11-26 12:00:00,2024-11-26 22:00:00,-0.0254751816617613
1000LUNC,IOTA,short,2024-11-28 00:00:00,2024-11-28 11:00:00,0.0318174586451858
1000LUNC,IOTA,short,2024-11-28 20:00:00,2024-11-29 00:00:00,0.0200047831916686
1000LUNC,IOTA,long,2024-11-29 02:00:00,2024-11-30 02:00:00,0.03731536182197
1000LUNC,IOTA,long,2024-11-30 05:00:00,2024-11-30 16:00:00,0.0250406784463893
1000LUNC,IOTA,short,2024-11-30 18:00:00,2024-12-01 10:00:00,0.0126161228091684
1000LUNC,IOTA,short,2024-12-01 10:00:00,2024-12-01 10:00:00,0.0
1000LUNC,IOTA,short,2024-12-02 23:00:00,2024-12-03 02:00:00,-0.0164569905161584
1000LUNC,IOTA,long,2024-12-03 03:00:00,2024-12-03 19:00:00,0.09183789939052
1000LUNC,IOTA,long,2024-12-03 21:00:00,2024-12-03 22:00:00,0.0309927961411304
1000LUNC,IOTA,long,2024-12-03 22:00:00,2024-12-03 22:00:00,0.0
1000LUNC,IOTA,short,2024-12-04 00:00:00,2024-12-04 00:00:00,0.0
1000LUNC,IOTA,short,2024-12-04 09:00:00,2024-12-05 07:00:00,0.0504053262960538
1000LUNC,IOTA,long,2024-12-05 10:00:00,2024-12-05 13:00:00,0.0336124865497915
1000LUNC,IOTA,short,2024-12-05 14:00:00,2024-12-06 12:00:00,0.0774674984779234
1000LUNC,IOTA,long,2024-12-06 22:00:00,2024-12-08 02:00:00,-0.0363308179419308
1000LUNC,IOTA,long,2024-12-09 03:00:00,2024-12-10 00:00:00,-0.1589313595183548
1000LUNC,IOTA,short,2024-12-11 09:00:00,2024-12-11 13:00:00,-0.00692576835296
1000LUNC,IOTA,long,2024-12-12 05:00:00,2024-12-13 00:00:00,-0.0318344762217214
1000LUNC,IOTA,short,2024-12-14 10:00:00,2024-12-15 23:00:00,0.0020113985996854
1000LUNC,IOTA,long,2024-12-16 16:00:00,2024-12-16 20:00:00,0.0125129604435859
1000LUNC,IOTA,short,2024-12-21 00:00:00,2024-12-22 01:00:00,0.0203639398012104
1000LUNC,IOTA,short,2024-12-23 13:00:00,2024-12-23 19:00:00,0.009114075883588
1000LUNC,IOTA,long,2024-12-24 11:00:00,2024-12-25 01:00:00,0.0343939135975468
1000LUNC,IOTA,short,2024-12-27 06:00:00,2024-12-27 09:00:00,-0.0009363695087228
1000LUNC,IOTA,short,2024-12-27 12:00:00,2024-12-28 01:00:00,0.0508993766492984
1000LUNC,IOTA,long,2024-12-28 22:00:00,2024-12-29 08:00:00,-0.0177844457189711
1000LUNC,IOTA,long,2025-01-01 12:00:00,2025-01-02 12:00:00,0.0510232844779193
1000LUNC,IOTA,long,2025-01-02 22:00:00,2025-01-03 15:00:00,0.034682565190058
1000LUNC,IOTA,long,2025-01-04 02:00:00,2025-01-04 07:00:00,0.0073088072655073
1000LUNC,IOTA,long,2025-01-05 04:00:00,2025-01-05 16:00:00,0.0119568946247286
1000LUNC,IOTA,long,2025-01-05 16:00:00,2025-01-05 16:00:00,0.0
1000LUNC,IOTA,long,2025-01-06 08:00:00,2025-01-07 01:00:00,0.0257014691123599
1000LUNC,IOTA,long,2025-01-07 21:00:00,2025-01-08 07:00:00,-0.0151759352842832
1000LUNC,IOTA,long,2025-01-10 17:00:00,2025-01-11 00:00:00,0.0014430711052063
1000LUNC,IOTA,long,2025-01-11 01:00:00,2025-01-11 12:00:00,-9.670712255493625e-05
1000LUNC,IOTA,long,2025-01-12 04:00:00,2025-01-12 15:00:00,0.0011650486754696
1000LUNC,IOTA,long,2025-01-14 13:00:00,2025-01-15 18:00:00,0.036202172479359
1000LUNC,IOTA,long,2025-01-16 04:00:00,2025-01-17 06:00:00,0.011542075002966
1000LUNC,IOTA,short,2025-01-17 08:00:00,2025-01-17 19:00:00,0.0219435646753569
1000LUNC,IOTA,short,2025-01-17 22:00:00,2025-01-18 03:00:00,0.0476234934815319
1000LUNC,IOTA,long,2025-01-18 09:00:00,2025-01-20 16:00:00,-0.1032085112669274
1000LUNC,IOTA,short,2025-01-21 07:00:00,2025-01-21 19:00:00,-0.0488068979105112
1000LUNC,IOTA,long,2025-01-22 18:00:00,2025-01-24 03:00:00,-0.0348132623358414
1000LUNC,IOTA,long,2025-01-24 12:00:00,2025-01-25 12:00:00,-0.0341561602984332
1000LUNC,IOTA,short,2025-01-31 15:00:00,2025-02-01 02:00:00,0.0297708040073764
1000LUNC,IOTA,long,2025-02-01 10:00:00,2025-02-02 01:00:00,-0.0347825847438765
1000LUNC,IOTA,long,2025-02-03 01:00:00,2025-02-03 06:00:00,0.0720123887948492
1000LUNC,IOTA,short,2025-02-03 17:00:00,2025-02-04 14:00:00,-0.0158363812629014
1000LUNC,IOTA,short,2025-02-05 05:00:00,2025-02-06 01:00:00,0.0258958774424339
1000LUNC,IOTA,long,2025-02-07 14:00:00,2025-02-07 22:00:00,-0.037029744070282
1000LUNC,IOTA,short,2025-02-08 16:00:00,2025-02-10 07:00:00,-0.0372659472889671
1000LUNC,IOTA,long,2025-02-10 09:00:00,2025-02-10 17:00:00,0.0208787793073752
1000LUNC,IOTA,short,2025-02-10 18:00:00,2025-02-11 05:00:00,0.0011992805754821
1000LUNC,IOTA,short,2025-02-11 21:00:00,2025-02-13 07:00:00,-0.0643120462187003
1000LUNC,IOTA,long,2025-02-14 08:00:00,2025-02-14 15:00:00,0.0309002677595936
1000LUNC,IOTA,short,2025-02-15 11:00:00,2025-02-16 08:00:00,0.0412811792666924
1000LUNC,IOTA,short,2025-02-17 06:00:00,2025-02-17 11:00:00,0.00908573656968
1000LUNC,IOTA,long,2025-02-21 13:00:00,2025-02-21 16:00:00,-0.0123114365240417
1000LUNC,IOTA,long,2025-02-22 22:00:00,2025-02-24 07:00:00,-0.0537965852740365
1000LUNC,IOTA,short,2025-02-25 03:00:00,2025-02-25 23:00:00,-0.0265442592328117
1000LUNC,IOTA,long,2025-02-27 00:00:00,2025-02-27 08:00:00,0.0253513945228084
1000LUNC,IOTA,long,2025-03-01 23:00:00,2025-03-02 14:00:00,-0.0097400934854601
1000LUNC,IOTA,long,2025-03-02 16:00:00,2025-03-03 08:00:00,-0.0398742842160869
1000LUNC,IOTA,short,2025-03-03 11:00:00,2025-03-04 00:00:00,0.090140200187062
1000LUNC,IOTA,long,2025-03-05 07:00:00,2025-03-05 15:00:00,0.0115644358031843
1000LUNC,IOTA,short,2025-03-07 18:00:00,2025-03-08 15:00:00,0.0632956982786845
1000LUNC,IOTA,short,2025-03-11 12:00:00,2025-03-12 16:00:00,-0.0176791056417301
1000LUNC,IOTA,short,2025-03-15 16:00:00,2025-03-16 07:00:00,0.0118270908660281
1000LUNC,IOTA,short,2025-03-18 02:00:00,2025-03-18 08:00:00,0.0194543525624564
1000LUNC,IOTA,long,2025-03-18 22:00:00,2025-03-19 18:00:00,0.0402339622382361
1000LUNC,IOTA,short,2025-03-20 03:00:00,2025-03-21 12:00:00,0.0322633765530727
1000LUNC,IOTA,long,2025-03-22 22:00:00,2025-03-24 01:00:00,-0.0048845917649627
1000LUNC,IOTA,long,2025-03-24 08:00:00,2025-03-24 16:00:00,0.0020010781710163
1000LUNC,IOTA,short,2025-03-25 07:00:00,2025-03-25 11:00:00,-0.0027598913562558
1000LUNC,IOTA,long,2025-03-25 15:00:00,2025-03-26 10:00:00,0.0341823537503562
1000LUNC,IOTA,short,2025-03-26 13:00:00,2025-03-27 14:00:00,0.020733915829347
1000LUNC,IOTA,short,2025-03-30 17:00:00,2025-03-31 14:00:00,-0.0038234607296914
1000LUNC,IOTA,long,2025-04-01 14:00:00,2025-04-02 12:00:00,-0.0245400846455134
1000LUNC,IOTA,short,2025-04-02 17:00:00,2025-04-03 09:00:00,0.0617158072885453
1000LUNC,IOTA,long,2025-04-05 10:00:00,2025-04-05 17:00:00,-0.0130183407592571
1000LUNC,IOTA,short,2025-04-06 12:00:00,2025-04-07 13:00:00,0.0361750957925001
1000LUNC,IOTA,long,2025-04-08 11:00:00,2025-04-09 10:00:00,-0.0271770527917619
1000LUNC,IOTA,short,2025-04-14 03:00:00,2025-04-14 09:00:00,0.0211531704834105
1000LUNC,IOTA,long,2025-04-20 01:00:00,2025-04-20 06:00:00,0.019133026336986
1000LUNC,IOTA,short,2025-04-20 07:00:00,2025-04-21 06:00:00,-0.0152106492464681
1000LUNC,IOTA,long,2025-04-21 21:00:00,2025-04-23 16:00:00,0.0599782125010693
1000LUNC,IOTA,short,2025-04-24 06:00:00,2025-04-24 10:00:00,0.0155480163884848
1000LUNC,IOTA,long,2025-04-24 12:00:00,2025-04-26 11:00:00,0.0321651460217084
1000LUNC,IOTA,long,2025-04-26 14:00:00,2025-04-26 16:00:00,0.0072536779193669
1000LUNC,IOTA,short,2025-04-26 20:00:00,2025-04-27 12:00:00,0.0274974362535427
1000LUNC,IOTA,short,2025-04-27 12:00:00,2025-04-27 12:00:00,0.0
1000LUNC,IOTA,long,2025-04-29 06:00:00,2025-04-29 06:00:00,0.0
1000LUNC,IOTA,long,2025-04-30 05:00:00,2025-04-30 11:00:00,0.0142965215391143
1000LUNC,IOTA,short,2025-05-01 21:00:00,2025-05-02 12:00:00,-0.0171650749753923
1000LUNC,IOTA,long,2025-05-03 13:00:00,2025-05-04 09:00:00,-0.0382701894743141
1000LUNC,IOTA,long,2025-05-04 11:00:00,2025-05-05 01:00:00,-0.0047586765530793
1000LUNC,IOTA,short,2025-05-05 03:00:00,2025-05-05 18:00:00,-0.0005013788021802
1000LUNC,IOTA,short,2025-05-06 08:00:00,2025-05-06 21:00:00,0.0170649663873534
1000LUNC,IOTA,long,2025-05-07 10:00:00,2025-05-08 00:00:00,0.0119863003382667
1000LUNC,IOTA,short,2025-05-09 04:00:00,2025-05-10 13:00:00,-0.0750594575383337
1000LUNC,IOTA,long,2025-05-10 14:00:00,2025-05-11 10:00:00,0.0
1000LUNC,IOTA,long,2025-05-12 03:00:00,2025-05-12 09:00:00,0.0063861708560015
1000LUNC,IOTA,short,2025-05-12 19:00:00,2025-05-13 07:00:00,0.0208124057459344
1000LUNC,IOTA,long,2025-05-13 12:00:00,2025-05-13 16:00:00,0.0238681804255355
1000LUNC,IOTA,short,2025-05-14 00:00:00,2025-05-14 07:00:00,0.0143462376114675
1000LUNC,IOTA,long,2025-05-15 16:00:00,2025-05-16 14:00:00,-0.0194270679602612
1000LUNC,IOTA,short,2025-05-22 15:00:00,2025-05-23 12:00:00,0.0444654910086066
1000LUNC,IOTA,short,2025-05-26 10:00:00,2025-05-28 02:00:00,-0.0031831954301904
1000LUNC,IOTA,short,2025-05-31 00:00:00,2025-05-31 02:00:00,0.0240075547288896
1000LUNC,IOTA,short,2025-06-01 04:00:00,2025-06-01 17:00:00,-0.0023821688991859
1000LUNC,IOTA,short,2025-06-06 05:00:00,2025-06-06 17:00:00,-0.0075757938084575
1000LUNC,IOTA,short,2025-06-09 13:00:00,2025-06-09 18:00:00,-0.0045011328807915
1000LUNC,IOTA,long,2025-06-10 13:00:00,2025-06-11 11:00:00,-0.0089004552281728
1000LUNC,IOTA,short,2025-06-13 00:00:00,2025-06-13 14:00:00,0.001425009147447
1000LUNC,IOTA,short,2025-06-13 21:00:00,2025-06-14 18:00:00,-0.0125980556205785
1000LUNC,IOTA,long,2025-06-14 20:00:00,2025-06-15 09:00:00,0.0174005572841201
1000LUNC,IOTA,long,2025-06-16 08:00:00,2025-06-16 18:00:00,0.0099373628711155
1000LUNC,IOTA,short,2025-06-21 01:00:00,2025-06-21 19:00:00,0.0406914092805545
1000LUNC,IOTA,long,2025-06-22 16:00:00,2025-06-24 18:00:00,0.0863058864393719
1000LUNC,IOTA,short,2025-06-25 13:00:00,2025-06-27 01:00:00,0.0370247064755614
1000LUNC,IOTA,long,2025-06-30 19:00:00,2025-06-30 23:00:00,-0.0055096558109695
1000LUNC,IOTA,short,2025-07-01 11:00:00,2025-07-01 23:00:00,0.0186477067179303
1000LUNC,IOTA,long,2025-07-02 16:00:00,2025-07-03 08:00:00,0.0124203770212543
1000LUNC,IOTA,short,2025-07-04 15:00:00,2025-07-05 06:00:00,0.0010752689208068
1000LUNC,IOTA,long,2025-07-07 17:00:00,2025-07-07 20:00:00,-0.0008962983480738
1000LUNC,IOTA,short,2025-07-09 10:00:00,2025-07-09 11:00:00,-0.0005147122014637
1000LUNC,IOTA,long,2025-07-09 12:00:00,2025-07-09 21:00:00,0.0290462838012943
1000LUNC,IOTA,short,2025-07-10 16:00:00,2025-07-11 11:00:00,-0.0566914514219372
1000LUNC,IOTA,long,2025-07-11 13:00:00,2025-07-12 14:00:00,-0.0523251863884363
1000LUNC,IOTA,long,2025-07-13 02:00:00,2025-07-14 11:00:00,0.0247553104806079
1000LUNC,IOTA,long,2025-07-14 14:00:00,2025-07-15 05:00:00,-0.0162057297108853
1000LUNC,IOTA,long,2025-07-17 05:00:00,2025-07-17 10:00:00,0.0113646432150584
1000LUNC,IOTA,long,2025-07-17 16:00:00,2025-07-18 05:00:00,0.0575366303338167
1000LUNC,IOTA,short,2025-07-18 06:00:00,2025-07-19 06:00:00,0.0229722586037541
1000LUNC,IOTA,long,2025-07-19 09:00:00,2025-07-20 01:00:00,0.0223439247248522
1000LUNC,IOTA,short,2025-07-20 07:00:00,2025-07-20 12:00:00,-0.0043911077582777
1000LUNC,IOTA,short,2025-07-20 21:00:00,2025-07-21 01:00:00,0.0266415069182423
1000LUNC,IOTA,short,2025-07-21 16:00:00,2025-07-22 18:00:00,0.0316801151288644
1000LUNC,IOTA,long,2025-07-23 20:00:00,2025-07-24 08:00:00,-0.0095246502597827
1000LUNC,IOTA,long,2025-07-26 14:00:00,2025-07-28 00:00:00,0.0185569092901781
1000LUNC,IOTA,short,2025-07-31 15:00:00,2025-08-01 00:00:00,0.0404557156673814
1000LUNC,IOTA,short,2025-08-01 21:00:00,2025-08-02 12:00:00,0.0163726190699193
1000LUNC,IOTA,long,2025-08-05 21:00:00,2025-08-06 17:00:00,0.0349824591588454
1000LUNC,IOTA,long,2025-08-10 17:00:00,2025-08-11 15:00:00,-0.0135507800228328
1000LUNC,IOTA,short,2025-08-11 21:00:00,2025-08-12 07:00:00,0.0
1000LUNC,IOTA,long,2025-08-12 20:00:00,2025-08-13 17:00:00,-0.0012810249950386
1000LUNC,IOTA,long,2025-08-14 00:00:00,2025-08-14 17:00:00,-0.0660129635113112
1000LUNC,IOTA,short,2025-08-15 14:00:00,2025-08-16 19:00:00,-0.0665640173530721
1000LUNC,IOTA,long,2025-08-17 02:00:00,2025-08-17 21:00:00,-0.0076379667656419
1000LUNC,IOTA,short,2025-08-19 10:00:00,2025-08-20 15:00:00,0.0221820555259747
1000LUNC,IOTA,long,2025-08-22 14:00:00,2025-08-23 01:00:00,0.0317228715347908
1000LUNC,IOTA,short,2025-08-23 16:00:00,2025-08-23 23:00:00,0.0079987628513696
1000LUNC,IOTA,long,2025-08-24 18:00:00,2025-08-25 16:00:00,-0.0571300108008214
1000LUNC,IOTA,short,2025-09-05 05:00:00,2025-09-06 00:00:00,0.0052281087124597
1000LUNC,IOTA,short,2025-09-06 08:00:00,2025-09-06 14:00:00,0.0097990309344132
1000LUNC,IOTA,long,2025-09-08 13:00:00,2025-09-09 05:00:00,0.0066767064921696
