reference_coin,trading_coin,trading_type,sharpe_ratio,total_cumulative_return,num_trades
ALGO,AAVE,both,3.751623,1.495984,67
ANKR,AAVE,both,2.657621,0.976713,68
AVAX,AAVE,both,2.795074,0.705530,62
BEL,AAVE,both,2.492706,0.577508,79
BNB,AAVE,both,2.187190,1.002778,60
BNT,AAVE,both,3.656339,1.247624,62
BTC,AAVE,both,3.842868,1.677838,60
COMP,AAVE,both,5.302912,2.808013,67
DASH,AAVE,both,3.510135,1.969317,53
DATA,AAVE,both,3.087518,1.123003,77
DIA,AAVE,both,2.267692,0.500879,72
DOGE,AAVE,both,2.467229,0.655928,71
DOT,AAVE,both,2.218918,0.635066,67
DUSK,AAVE,both,4.055941,1.601696,80
ENJ,AAVE,both,3.543130,1.355313,68
ETC,AAVE,both,3.602710,1.303862,67
ETH,AAVE,both,3.199468,0.892345,63
FET,AAVE,both,2.531215,0.617998,71
FIL,AAVE,both,3.118995,0.977565,73
FLM,AAVE,both,3.745224,1.355137,69
FTT,AAVE,both,3.676472,2.031494,61
HIVE,AAVE,both,3.343699,1.172777,77
IOST,AAVE,both,2.607368,0.648759,72
IOTA,AAVE,both,4.496697,1.602695,70
IOTX,AAVE,both,2.870979,1.198178,67
JST,AAVE,both,4.903910,3.046852,71
KNC,AAVE,both,3.600502,1.160470,74
LRC,AAVE,both,2.133190,0.522216,72
LSK,AAVE,both,2.919282,0.779005,81
LUNA,AAVE,both,4.678744,2.104254,111
MBL,AAVE,both,3.094422,0.955173,80
MKR,AAVE,both,2.127780,0.865739,66
NEO,AAVE,both,2.620446,0.705008,66
NMR,AAVE,both,2.489655,0.935662,77
OGN,AAVE,both,3.735822,1.492785,70
ONE,AAVE,both,3.128372,0.991392,77
ONT,AAVE,both,2.982277,0.863315,64
OXT,AAVE,both,2.978331,0.764166,80
QTUM,AAVE,both,4.129981,1.820150,59
ROSE,AAVE,both,2.153434,0.178443,43
RSR,AAVE,both,2.555404,0.680647,64
RVN,AAVE,both,2.628109,1.173442,70
SAND,AAVE,both,3.374700,1.312325,69
SC,AAVE,both,2.031751,0.452412,83
SOL,AAVE,both,2.203025,0.550621,61
STORJ,AAVE,both,5.002637,1.691899,67
SUN,AAVE,both,2.566849,0.796756,69
TFUEL,AAVE,both,4.840492,2.526195,87
THETA,AAVE,both,5.930511,2.803779,66
TRB,AAVE,both,3.519623,1.185490,68
TRX,AAVE,both,4.592351,2.598163,56
UMA,AAVE,both,3.887834,1.779934,68
UNI,AAVE,both,2.125848,0.446281,61
UTK,AAVE,both,2.353632,0.592286,75
WAN,AAVE,both,2.496248,0.683546,74
WIN,AAVE,both,2.813804,1.027161,67
XRP,AAVE,both,3.859895,1.588102,63
XTZ,AAVE,both,4.050878,1.154189,71
XVS,AAVE,both,2.600368,0.740177,82
ZEC,AAVE,both,2.551211,0.604244,61
ZIL,AAVE,both,2.160283,0.529999,74
AAVE,ADA,both,3.205407,0.699442,64
BEL,ADA,both,4.763366,2.475711,93
COMP,ADA,both,2.574553,1.839641,156
CTK,ADA,both,2.893140,0.451602,52
FIO,ADA,both,2.290687,0.714784,110
FLM,ADA,both,2.080189,0.554549,73
INJ,ADA,both,3.754331,0.835826,76
JST,ADA,both,2.300520,0.960795,114
JUV,ADA,both,4.920696,0.037052,2
RUNE,ADA,both,2.521580,0.738366,110
SAND,ADA,both,2.440550,0.849620,127
SUSHI,ADA,both,2.267980,0.717513,89
UMA,ADA,both,2.006327,0.572078,98
UNI,ADA,both,2.090849,0.500079,82
UTK,ADA,both,2.599778,0.608638,90
XVS,ADA,both,6.056161,2.240138,69
BEL,ALGO,both,2.395558,0.591704,92
JUV,ALGO,both,2.370583,0.032281,5
PSG,ALGO,both,2.370583,0.032281,5
XVS,ALGO,both,3.675949,1.111009,86
JUV,ANKR,both,9.961370,0.049757,2
PSG,ANKR,both,5.504229,0.022063,2
UTK,ANKR,both,2.774564,0.760261,84
JUV,ARDR,both,22.004914,0.232192,2
PSG,ARDR,both,25.156295,0.253413,2
FIL,ARPA,both,3.021396,0.898218,71
GRT,ARPA,both,2.370235,0.061040,6
JUV,ARPA,both,3.413163,0.040974,6
PSG,ARPA,both,15.649539,0.304190,3
UTK,ARPA,both,2.041139,0.514004,101
XVS,ARPA,both,2.767415,0.816808,85
AVA,ATOM,both,4.101034,0.286518,32
JST,ATOM,both,2.756578,1.527596,107
SKL,ATOM,both,4.188018,0.192494,16
ARDR,AUDIO,both,2.378079,0.608734,71
AVA,AUDIO,both,2.790892,0.304715,37
BEL,AUDIO,both,3.962454,1.606625,64
CHZ,AUDIO,both,3.628549,1.347940,64
DENT,AUDIO,both,2.729817,0.770849,71
EUR,AUDIO,both,2.569936,0.649951,74
FET,AUDIO,both,2.478814,0.601447,69
FIO,AUDIO,both,2.466736,0.613096,65
LRC,AUDIO,both,2.253130,0.572516,68
NKN,AUDIO,both,3.797162,1.403601,84
NMR,AUDIO,both,4.160786,1.537519,73
OGN,AUDIO,both,2.868813,0.723157,64
TUSD,AUDIO,both,2.160637,0.468700,70
USDC,AUDIO,both,2.459563,0.625451,69
FET,AVA,both,2.350261,0.114246,31
JUV,AVA,both,5.078708,0.038481,4
PSG,AVA,both,7.213170,0.069280,4
JUV,AVAX,both,6.446997,0.078554,3
ONT,AVAX,both,2.009352,0.476721,86
PSG,AVAX,both,7.358078,0.094598,2
TFUEL,AVAX,both,2.582190,0.681559,106
THETA,AVAX,both,2.257688,0.596784,87
XTZ,AVAX,both,2.670171,0.628667,88
ADA,AXS,both,4.374605,1.670466,45
ALGO,AXS,both,3.000560,0.703651,51
ANKR,AXS,both,2.008390,0.328515,52
ARDR,AXS,both,2.886333,0.644225,58
ARPA,AXS,both,6.355681,3.436623,53
AVAX,AXS,both,2.326945,0.549198,58
BAND,AXS,both,4.384923,1.439125,53
BAT,AXS,both,6.767283,3.007298,54
BCH,AXS,both,5.130486,3.660964,46
BNB,AXS,both,4.885476,1.972123,50
BTC,AXS,both,5.910573,3.711360,37
CELR,AXS,both,2.076577,0.384719,57
CHR,AXS,both,3.591101,0.939307,59
CHZ,AXS,both,2.779451,0.747121,55
COS,AXS,both,3.568471,1.241527,60
COTI,AXS,both,3.391176,1.037338,60
CTSI,AXS,both,2.006116,0.368681,67
DASH,AXS,both,2.394777,0.596520,52
DATA,AXS,both,2.845350,0.613850,60
DENT,AXS,both,2.449712,0.660958,58
DGB,AXS,both,4.238367,1.119255,50
DOGE,AXS,both,3.250965,0.840527,50
DOT,AXS,both,2.009641,0.355712,55
DUSK,AXS,both,3.887737,1.341376,54
ETC,AXS,both,5.037406,2.401650,45
ETH,AXS,both,5.030625,2.425345,47
FET,AXS,both,5.050237,2.359841,51
FIL,AXS,both,2.393015,0.498958,62
FLM,AXS,both,2.627106,0.521345,59
FTT,AXS,both,6.720151,3.577259,52
FUN,AXS,both,2.626981,0.612151,54
HIVE,AXS,both,4.690521,2.429405,57
HOT,AXS,both,4.336384,1.259182,51
ICX,AXS,both,5.622146,2.483921,45
IOST,AXS,both,3.810111,1.047385,51
IOTA,AXS,both,3.380658,0.893107,55
IOTX,AXS,both,2.517997,0.661347,61
JST,AXS,both,2.507915,0.546289,50
KAVA,AXS,both,5.635934,2.370100,48
KNC,AXS,both,2.345223,0.452459,60
LINK,AXS,both,5.392897,2.506734,40
LRC,AXS,both,2.843987,0.589326,52
LTC,AXS,both,2.654425,0.652589,49
NEAR,AXS,both,3.141819,0.911973,51
NEO,AXS,both,5.397872,1.803917,45
OGN,AXS,both,3.287754,1.058901,56
ONE,AXS,both,4.673150,2.366531,58
ONT,AXS,both,6.801158,3.676260,47
QTUM,AXS,both,5.467040,1.889292,48
ROSE,AXS,both,2.341242,0.242373,41
RSR,AXS,both,3.135747,0.839558,51
RUNE,AXS,both,4.024398,1.049705,57
RVN,AXS,both,3.677958,1.112052,51
SC,AXS,both,4.098313,1.195377,54
SNX,AXS,both,3.546124,1.095045,57
STORJ,AXS,both,4.574204,1.937619,49
SXP,AXS,both,5.804552,2.516577,40
TFUEL,AXS,both,4.481897,2.461448,62
THETA,AXS,both,9.816544,7.071830,54
TRB,AXS,both,2.871388,0.639797,46
TRX,AXS,both,2.817783,0.660582,53
UTK,AXS,both,4.491217,1.575901,60
VET,AXS,both,2.397291,0.437678,56
WAN,AXS,both,5.369983,3.026334,55
WIN,AXS,both,3.537987,0.818550,51
XRP,AXS,both,2.902104,0.768207,53
XTZ,AXS,both,5.614749,2.498805,40
XVS,AXS,both,3.777620,1.183980,59
ZEC,AXS,both,5.283511,2.387292,48
ZIL,AXS,both,6.532976,4.180025,53
ZRX,AXS,both,2.308651,0.426981,50
XVS,BAND,both,2.390477,0.629865,83
UTK,BAT,both,2.651797,0.436332,78
XVS,BAT,both,2.968521,0.577719,88
AAVE,BCH,both,2.437568,0.403660,61
BEL,BCH,both,2.862283,0.658737,89
CTK,BCH,both,3.743193,0.665795,52
FLM,BCH,both,2.243405,0.459628,70
INJ,BCH,both,3.708786,0.747392,73
XVS,BCH,both,3.315969,0.892617,80
ANKR,BEL,both,2.917952,1.112909,90
BNT,BEL,both,2.880309,1.416155,86
BTC,BEL,both,2.677502,1.137295,87
CHZ,BEL,both,2.792072,1.426000,95
DOT,BEL,both,2.234704,0.739826,88
FTT,BEL,both,2.226448,0.855505,90
ICX,BEL,both,2.069726,0.702993,95
MBL,BEL,both,2.239891,0.907965,97
ONT,BEL,both,2.561021,1.089229,82
TFUEL,BEL,both,3.201929,1.777218,114
THETA,BEL,both,4.228617,3.110746,88
XTZ,BEL,both,2.081603,0.673751,94
ZIL,BEL,both,4.335736,3.969867,98
AUDIO,BNB,both,2.932720,0.333864,58
BEL,BNB,both,5.249022,1.049077,83
CTK,BNB,both,4.194737,0.494181,52
FIL,BNB,both,2.442667,0.314998,67
GRT,BNB,both,3.446282,0.047668,5
INJ,BNB,both,5.321579,0.740257,67
LRC,BNB,both,2.651772,1.403899,188
RUNE,BNB,both,3.131794,0.754142,79
SUSHI,BNB,both,2.050697,0.409258,82
TUSD,BNB,both,2.471956,24.610890,800
USDC,BNB,both,2.413543,25.359561,785
XVS,BNB,both,4.184724,0.725857,74
ARDR,BNT,both,4.376573,44.388088,220
AUDIO,BNT,both,2.999700,1.026145,61
AVAX,BNT,both,2.372307,1.065410,83
BCH,BNT,both,3.162209,26.178992,266
BEL,BNT,both,3.459302,2.013730,86
CHR,BNT,both,2.371428,4.847829,257
COS,BNT,both,2.308343,8.361341,344
CTK,BNT,both,2.911048,0.880375,56
DASH,BNT,both,2.769099,17.142210,287
DATA,BNT,both,2.524831,7.807491,280
DCR,BNT,both,2.575783,2.244022,157
DGB,BNT,both,2.930705,3.076616,167
DIA,BNT,both,2.174082,1.009274,106
ETC,BNT,both,3.181614,27.474937,256
EUR,BNT,both,3.562669,57.124927,341
FIL,BNT,both,3.303417,1.459883,63
FIO,BNT,both,4.185079,5.300178,103
FLM,BNT,both,2.267520,0.708099,70
HBAR,BNT,both,3.697524,60.965242,310
HIVE,BNT,both,3.576268,24.825692,257
HOT,BNT,both,2.183418,5.833679,302
JST,BNT,both,3.770234,4.543996,113
KSM,BNT,both,3.976497,2.697830,108
LRC,BNT,both,2.680270,4.078989,208
LTC,BNT,both,2.987493,17.546083,266
LUNA,BNT,both,2.856095,2.207770,163
MBL,BNT,both,3.426167,37.305437,294
MTL,BNT,both,2.552801,13.809926,315
NEAR,BNT,both,2.059990,0.535561,65
NMR,BNT,both,2.797104,1.924611,130
ONT,BNT,both,2.482428,9.260293,291
OXT,BNT,both,4.563956,3.285969,94
PAXG,BNT,both,4.736585,7.437597,116
QTUM,BNT,both,2.997004,21.039084,271
RVN,BNT,both,2.642449,15.062629,293
SC,BNT,both,2.706813,2.861025,176
SUSHI,BNT,both,2.880874,2.006017,92
TRX,BNT,both,2.674814,14.203604,262
TUSD,BNT,both,3.448489,54.111237,376
UMA,BNT,both,3.470588,3.518122,91
USDC,BNT,both,3.794627,92.288108,356
UTK,BNT,both,4.274763,2.626995,80
VTHO,BNT,both,2.568848,2.298436,173
XLM,BNT,both,2.142190,5.873433,258
XRP,BNT,both,2.878123,18.274590,251
XVS,BNT,both,3.393000,1.659405,77
ZIL,BNT,both,2.163439,6.323812,315
AAVE,BTC,both,2.528089,0.324174,60
AUDIO,BTC,both,2.380901,0.244002,67
AXS,BTC,both,3.320357,0.335392,37
BEL,BTC,both,2.631852,0.481458,87
COMP,BTC,both,2.098874,0.652931,154
CTK,BTC,both,3.904786,0.507578,55
DIA,BTC,both,3.291526,0.767567,91
EGLD,BTC,both,2.136687,0.454031,92
FIO,BTC,both,3.955184,0.893069,97
FLM,BTC,both,3.670862,0.732856,63
GRT,BTC,both,9.458087,0.139801,4
INJ,BTC,both,3.369076,0.481534,66
JST,BTC,both,3.123678,0.933519,99
JUV,BTC,both,8.407296,0.041005,3
LRC,BTC,both,3.097354,1.339152,163
MKR,BTC,both,2.152181,0.583617,124
NEAR,BTC,both,2.649618,0.356964,68
NMR,BTC,both,2.156468,0.418601,121
OXT,BTC,both,2.152465,0.331788,101
PAXG,BTC,both,2.557577,0.575138,119
PSG,BTC,both,6.605301,0.029116,3
ROSE,BTC,both,2.159284,0.172565,33
RSR,BTC,both,2.397666,0.509284,87
SAND,BTC,both,2.753771,0.569099,122
SC,BTC,both,2.639196,0.757253,147
SOL,BTC,both,2.037260,0.480767,107
SUN,BTC,both,2.875270,0.521694,67
TUSD,BTC,both,2.227493,12.457110,757
UMA,BTC,both,2.079685,0.329052,88
UNI,BTC,both,2.395333,0.432801,75
UTK,BTC,both,4.455749,0.760973,75
XVS,BTC,both,2.890404,0.514209,83
JUV,CELR,both,227.099753,0.182695,2
PSG,CELR,both,9.066235,0.060802,2
AVA,CHZ,both,4.849273,0.625084,30
GRT,CHZ,both,13.995305,0.573871,5
JUV,CHZ,both,14.340170,0.418763,3
PSG,CHZ,both,13.284171,0.398322,3
ROSE,CHZ,both,2.535190,0.352283,39
JUV,COS,both,8.423917,0.093096,3
PSG,COS,both,8.151782,0.116446,3
BEL,COTI,both,2.653538,0.801070,88
AVA,CRV,both,4.372074,0.469280,31
BAT,CRV,both,2.692334,1.730130,104
BCH,CRV,both,4.042283,8.006999,100
BNB,CRV,both,2.728640,2.233032,105
BNT,CRV,both,3.977405,5.531054,116
BTC,CRV,both,2.221443,1.471023,114
CELR,CRV,both,3.283728,3.897666,112
CHZ,CRV,both,3.744088,4.762521,123
DATA,CRV,both,3.809960,4.229476,134
DCR,CRV,both,2.717747,2.968128,136
DGB,CRV,both,3.168712,3.197744,129
ENJ,CRV,both,2.264034,1.376702,115
ETC,CRV,both,3.287716,4.123487,100
FET,CRV,both,4.232294,6.546563,105
FIL,CRV,both,2.036659,0.499972,64
HBAR,CRV,both,3.216444,3.138981,115
ICX,CRV,both,3.078912,3.559352,98
IOTA,CRV,both,2.152688,1.272877,115
IOTX,CRV,both,2.549510,2.524542,132
JST,CRV,both,3.548269,4.424095,104
JUV,CRV,both,14.489591,0.152262,3
KNC,CRV,both,2.394563,1.453842,117
LINK,CRV,both,3.107918,3.028010,96
LRC,CRV,both,3.905766,7.072703,111
LTC,CRV,both,2.548192,1.850261,96
NEO,CRV,both,4.894059,11.015047,103
NMR,CRV,both,4.520759,12.960569,113
ONE,CRV,both,2.674180,2.285669,126
OXT,CRV,both,3.111429,1.710871,101
PSG,CRV,both,31.908387,0.215559,3
QTUM,CRV,both,3.700411,4.824958,96
ROSE,CRV,both,3.048795,0.404772,34
RVN,CRV,both,2.294141,1.315824,126
SKL,CRV,both,3.639219,0.265717,22
STORJ,CRV,both,3.877349,5.058020,96
TFUEL,CRV,both,4.930104,10.882134,129
THETA,CRV,both,4.908395,15.308627,113
UTK,CRV,both,2.894087,1.029475,95
VET,CRV,both,2.436069,1.395011,103
VTHO,CRV,both,2.336872,1.443229,123
XLM,CRV,both,4.193109,7.837080,97
XRP,CRV,both,2.792269,2.343663,107
XTZ,CRV,both,4.394006,9.482071,106
ZEC,CRV,both,2.085749,1.236728,99
ADA,CTK,both,2.221184,0.283351,52
JUV,CTK,both,2.181022,0.005596,2
KNC,CTK,both,2.467382,0.386401,65
ONT,CTK,both,3.806736,0.801696,56
THETA,CTK,both,3.907580,0.904561,58
XLM,CTK,both,2.951630,0.452529,52
ZIL,CTK,both,2.318444,0.377891,58
AAVE,CVC,both,2.676700,2.530536,72
BEL,CVC,both,2.642420,4.620203,91
COMP,CVC,both,2.290276,7.696629,196
CTK,CVC,both,3.263169,3.062756,63
DGB,CVC,both,2.110835,3.742752,161
DOT,CVC,both,2.531166,6.134215,122
EGLD,CVC,both,2.350504,3.729031,123
FIL,CVC,both,3.102711,4.393139,73
FLM,CVC,both,3.203934,7.492038,71
LRC,CVC,both,2.194433,7.068342,201
LUNA,CVC,both,3.128371,9.686600,159
MKR,CVC,both,2.348916,8.526067,172
NEAR,CVC,both,3.912444,6.119036,69
NMR,CVC,both,2.034761,2.787529,134
OXT,CVC,both,2.558658,2.858356,105
SAND,CVC,both,2.874151,7.878963,131
SUN,CVC,both,2.909972,6.075608,84
TRB,CVC,both,2.055024,2.587790,109
UNI,CVC,both,2.375585,3.053361,94
UTK,CVC,both,3.008579,2.564871,85
VTHO,CVC,both,2.048376,4.891402,162
XVS,CVC,both,3.117664,6.008688,84
ZEN,CVC,both,2.117346,4.276690,170
AAVE,DASH,both,2.406254,0.378536,53
BEL,DASH,both,3.031230,0.880058,95
CTK,DASH,both,3.885582,0.627367,51
INJ,DASH,both,5.700567,1.276030,70
NEAR,DASH,both,2.903652,0.508448,63
RUNE,DASH,both,2.588516,0.653264,95
UNI,DASH,both,2.407305,0.536525,84
XVS,DASH,both,2.763292,0.584657,81
CELR,DCR,both,2.083056,0.888659,154
PSG,DENT,both,7.090014,0.058031,2
BEL,DGB,both,2.116429,0.566430,90
GRT,DGB,both,10.648739,0.408509,5
JUV,DGB,both,14.026841,0.116744,4
PSG,DGB,both,16.280611,0.108287,3
XVS,DGB,both,2.945598,0.846527,90
AUDIO,DOGE,both,2.374944,0.343940,65
AVA,DOGE,both,2.602863,0.168098,31
BEL,DOGE,both,2.690846,0.741684,88
CRV,DOGE,both,2.238409,0.672295,94
CTK,DOGE,both,4.448764,0.754692,50
FLM,DOGE,both,3.811533,0.991326,68
INJ,DOGE,both,3.007406,0.596838,65
PSG,DOGE,both,18.997400,1.308968,2
STRAX,DOGE,both,2.797838,0.971153,42
TRB,DOGE,both,3.108607,1.087766,99
XVS,DOGE,both,2.970564,2.872740,78
AVA,DOT,both,2.756290,0.252466,37
BCH,DOT,both,2.952116,1.284232,88
COMP,DOT,both,2.482093,0.972091,110
CTK,DOT,both,2.427981,0.395614,63
DASH,DOT,both,2.082187,0.715835,94
FIO,DOT,both,2.594912,0.893730,103
GRT,DOT,both,5.786688,0.257598,8
HBAR,DOT,both,2.113402,0.774345,122
INJ,DOT,both,3.090674,0.637971,72
IOTA,DOT,both,2.361617,0.918691,100
JUV,DOT,both,100.358102,0.438809,2
LINK,DOT,both,2.172421,0.807756,82
ONG,DOT,both,2.933054,1.702698,114
PAXG,DOT,both,2.056586,0.564699,125
PSG,DOT,both,74.119806,0.453216,2
QTUM,DOT,both,2.321922,0.989832,91
ROSE,DOT,both,2.485437,0.273767,37
SKL,DOT,both,3.818987,0.393045,24
STORJ,DOT,both,2.114039,0.799059,101
SUN,DOT,both,2.069145,0.516248,85
SUSHI,DOT,both,2.253142,0.763275,79
TFUEL,DOT,both,2.178019,0.931813,138
TRX,DOT,both,3.817258,2.017221,90
UMA,DOT,both,2.126724,0.525449,106
XLM,DOT,both,3.001035,1.448579,97
XRP,DOT,both,3.217252,1.563888,95
XTZ,DOT,both,2.586222,1.059411,94
ZIL,DOT,both,2.071072,0.764299,110
JUV,DUSK,both,7.833494,0.053609,3
ALGO,EGLD,both,3.149266,1.543726,105
ARDR,EGLD,both,2.895417,1.281562,141
AVA,EGLD,both,6.288839,1.462713,34
AVAX,EGLD,both,2.617533,1.029223,97
AXS,EGLD,both,3.803031,1.038555,56
BAND,EGLD,both,4.228510,2.776894,104
BAT,EGLD,both,3.064451,1.524883,97
BCH,EGLD,both,4.360552,3.451587,104
BEL,EGLD,both,3.712243,2.006490,89
BNB,EGLD,both,4.516056,3.466077,102
BTC,EGLD,both,4.792976,5.044776,92
CELR,EGLD,both,2.115605,0.869343,127
CHZ,EGLD,both,2.192389,0.710416,122
COMP,EGLD,both,2.444145,1.129591,108
COTI,EGLD,both,3.393726,2.069541,111
DASH,EGLD,both,3.979536,2.635707,106
DATA,EGLD,both,4.407801,3.654897,126
DCR,EGLD,both,2.410394,0.957374,129
DENT,EGLD,both,2.226372,0.872034,126
DGB,EGLD,both,4.869242,4.174933,115
DOGE,EGLD,both,2.809465,1.306444,104
DOT,EGLD,both,3.005239,1.446166,99
DUSK,EGLD,both,2.132782,0.845217,124
ETC,EGLD,both,3.586189,2.266433,112
ETH,EGLD,both,4.441251,4.387845,99
EUR,EGLD,both,3.560623,2.246112,124
FET,EGLD,both,3.828428,3.147062,111
FLM,EGLD,both,3.047470,1.207440,80
FTT,EGLD,both,5.022010,5.189596,104
HIVE,EGLD,both,2.539642,1.223451,113
ICX,EGLD,both,3.625095,1.900101,113
IOTA,EGLD,both,3.863099,2.511352,111
IOTX,EGLD,both,2.989674,1.611993,127
JST,EGLD,both,2.608497,1.205784,111
JUV,EGLD,both,3.222647,0.028200,2
KAVA,EGLD,both,2.638601,1.094190,105
LINK,EGLD,both,4.731981,4.097228,100
LRC,EGLD,both,4.061475,2.860729,102
LSK,EGLD,both,3.457754,2.043444,123
LTC,EGLD,both,2.575023,1.070404,116
MBL,EGLD,both,2.270408,0.832991,111
MKR,EGLD,both,2.260617,0.981832,107
NEO,EGLD,both,2.382456,1.055833,108
NKN,EGLD,both,2.893644,1.403898,128
NMR,EGLD,both,2.252969,0.990201,139
OGN,EGLD,both,2.293752,0.977273,115
ONE,EGLD,both,2.609032,1.220249,123
ONT,EGLD,both,3.533627,2.121344,104
QTUM,EGLD,both,2.279348,0.942001,104
RLC,EGLD,both,3.340908,1.792603,108
ROSE,EGLD,both,2.794059,0.442083,36
RSR,EGLD,both,4.858279,5.155762,100
RUNE,EGLD,both,3.829500,2.005405,116
RVN,EGLD,both,3.401201,2.183785,122
SC,EGLD,both,2.270962,0.899502,122
SKL,EGLD,both,5.513612,0.724360,20
SNX,EGLD,both,4.177423,2.212451,124
STRAX,EGLD,both,2.850459,0.486236,47
STX,EGLD,both,3.555804,2.373096,126
SUN,EGLD,both,3.306958,1.560883,98
TFUEL,EGLD,both,3.945975,2.862540,118
THETA,EGLD,both,3.701410,2.786329,120
TRB,EGLD,both,3.311255,2.032675,108
TRX,EGLD,both,3.884375,2.927571,92
TUSD,EGLD,both,2.318105,1.044090,121
UMA,EGLD,both,2.110109,0.830614,109
UNI,EGLD,both,5.491067,3.964718,83
USDC,EGLD,both,2.037866,0.807503,120
UTK,EGLD,both,4.308417,2.229286,90
VET,EGLD,both,4.151970,2.873111,109
VTHO,EGLD,both,2.098007,0.868460,131
WAN,EGLD,both,2.972073,1.526157,116
WIN,EGLD,both,3.889318,2.819011,105
XLM,EGLD,both,2.099527,0.826388,102
XRP,EGLD,both,2.769182,1.447390,93
XTZ,EGLD,both,4.229012,2.858165,108
XVS,EGLD,both,2.581345,0.841927,85
YFI,EGLD,both,3.550811,1.932971,103
ZEC,EGLD,both,4.535380,3.520006,108
ZEN,EGLD,both,2.829631,1.506449,117
ZIL,EGLD,both,3.279319,2.278314,112
ZRX,EGLD,both,4.367376,3.337330,111
UTK,ENJ,both,2.165002,0.317474,86
XVS,ENJ,both,3.177118,0.557209,78
BEL,ETC,both,3.263404,0.882557,88
CTK,ETC,both,3.994274,0.803662,50
DIA,ETC,both,2.237315,0.513726,105
FLM,ETC,both,2.772222,0.591670,71
INJ,ETC,both,3.699153,0.712077,75
XVS,ETC,both,3.396183,0.824600,87
BAT,ETH,both,2.082278,7.289635,550
BEL,ETH,both,3.114320,0.849615,89
BTC,ETH,both,2.061950,9.328302,330
COMP,ETH,both,3.496090,1.838391,153
CRV,ETH,both,2.025606,0.469837,92
CTK,ETH,both,2.179590,0.239593,53
DOGE,ETH,both,2.170791,6.510305,408
FIL,ETH,both,3.002100,0.500188,66
INJ,ETH,both,3.788714,0.553860,70
JST,ETH,both,2.862426,1.115195,102
LRC,ETH,both,2.323822,1.345610,171
MBL,ETH,both,2.239923,1.773587,270
MDT,ETH,both,2.176839,0.955089,234
SAND,ETH,both,2.977351,0.821355,118
SC,ETH,both,2.507984,0.955661,156
SNX,ETH,both,2.529112,0.885039,151
TUSD,ETH,both,2.109125,12.525930,785
UTK,ETH,both,2.996048,0.498288,80
WIN,ETH,both,2.010304,3.945781,447
XVS,ETH,both,2.844965,0.550047,82
XVS,FET,both,2.945286,0.777774,83
BNB,FIL,both,2.050649,0.466976,67
BTC,FIL,both,2.053826,0.285448,62
DASH,FIL,both,2.445991,0.408645,73
DOGE,FIL,both,2.488276,0.410427,65
JUV,FIL,both,5.913911,0.038564,4
PSG,FIL,both,5.913911,0.038564,4
AVA,FIO,both,5.689041,0.565119,32
BTC,FIO,both,2.733207,1.339991,97
DATA,FIO,both,2.669355,0.985325,123
DENT,FIO,both,2.397073,0.712060,126
ETH,FIO,both,2.106534,0.716371,103
FIL,FIO,both,2.024420,0.374226,83
FTT,FIO,both,2.340547,0.830467,111
GRT,FIO,both,9.026171,0.062149,3
ROSE,FIO,both,4.023175,0.614335,36
SKL,FIO,both,7.844328,0.689613,18
STRAX,FIO,both,2.427488,0.254505,39
AVA,FLM,both,3.668948,0.378252,27
BNB,FLM,both,3.174269,1.075947,66
BTC,FLM,both,3.508493,1.531545,63
FIL,FLM,both,3.126418,0.944480,69
FTT,FLM,both,2.516539,0.874885,66
LINK,FLM,both,2.045028,0.556635,72
MDT,FLM,both,2.111326,0.616857,107
NEO,FLM,both,2.854124,0.729009,59
TRX,FLM,both,3.479748,1.382064,61
UTK,FLM,both,2.191634,0.575065,76
BAND,FTT,both,2.065762,1.822233,376
BEL,FTT,both,3.199295,0.661741,90
COMP,FTT,both,2.317070,0.806212,179
CTK,FTT,both,4.298292,0.364015,52
FIL,FTT,both,3.096078,0.438685,67
FLM,FTT,both,2.043705,0.301805,66
GRT,FTT,both,7.743164,0.067104,5
HBAR,FTT,both,2.178172,2.056442,358
INJ,FTT,both,4.349677,0.467693,72
JUV,FTT,both,12.227320,0.046104,2
NEAR,FTT,both,2.925145,0.357027,69
PSG,FTT,both,11.817129,0.038960,2
SC,FTT,both,3.347996,1.202246,173
SUN,FTT,both,2.116657,0.385300,77
UTK,FTT,both,4.073411,0.584439,78
XLM,FTT,both,2.166635,2.162654,305
XRP,FTT,both,2.390056,2.213934,288
XVS,FTT,both,3.833332,0.560347,80
AUDIO,FUN,both,2.168109,0.509900,69
GRT,FUN,both,2.932682,0.105597,10
JUV,FUN,both,11.062530,0.485181,5
PSG,FUN,both,9.074897,0.446930,5
AAVE,GRT,both,16.178138,0.336987,8
ADA,GRT,both,13.351755,0.494818,7
ALGO,GRT,both,7.957446,0.232503,6
ARPA,GRT,both,17.367689,0.510090,6
ATOM,GRT,both,8.363117,0.276520,9
AXS,GRT,both,9.377068,0.308249,7
BAND,GRT,both,30.432652,0.630456,4
BAT,GRT,both,9.108107,0.336148,7
BCH,GRT,both,13.277330,0.243029,7
BNB,GRT,both,3.913796,0.076977,5
BNT,GRT,both,2.164942,0.034596,6
CELR,GRT,both,5.905459,0.164219,6
CHR,GRT,both,8.779277,0.314956,8
COMP,GRT,both,11.530406,0.435133,7
COS,GRT,both,16.722887,0.403935,8
CRV,GRT,both,13.136910,0.511225,7
CTK,GRT,both,14.577989,0.270061,6
CTSI,GRT,both,8.034446,0.206945,7
DENT,GRT,both,2.910039,0.042901,5
DIA,GRT,both,18.370667,0.409099,7
DOGE,GRT,both,5.512564,0.070919,3
DOT,GRT,both,8.457518,0.240535,8
DUSK,GRT,both,10.078805,0.291805,5
EGLD,GRT,both,7.739238,0.310713,6
ENJ,GRT,both,12.700262,0.538866,9
ETC,GRT,both,6.443279,0.175116,6
ETH,GRT,both,11.624940,0.339962,8
EUR,GRT,both,3.331001,0.050065,9
FET,GRT,both,17.963633,0.525278,7
FIL,GRT,both,13.414395,0.304509,7
FLM,GRT,both,10.239412,0.384065,7
FTT,GRT,both,11.572241,0.208769,5
FUN,GRT,both,4.386969,0.084664,10
HBAR,GRT,both,10.580402,0.169400,4
HIVE,GRT,both,11.998460,0.218355,5
HOT,GRT,both,5.220790,0.065284,5
INJ,GRT,both,8.443759,0.154449,5
IOST,GRT,both,10.435384,0.312015,7
IOTA,GRT,both,6.493700,0.196366,8
JST,GRT,both,7.217522,0.214160,7
KAVA,GRT,both,15.416062,0.561247,6
KNC,GRT,both,16.060098,0.577291,7
KSM,GRT,both,10.382097,0.340256,6
LINK,GRT,both,13.154953,0.652194,7
LRC,GRT,both,3.572864,0.077612,6
LSK,GRT,both,3.385961,0.074447,4
MANA,GRT,both,4.629609,0.091286,7
MBL,GRT,both,8.710081,0.068486,2
MKR,GRT,both,5.006638,0.109793,10
MTL,GRT,both,6.323128,0.103666,6
NEAR,GRT,both,4.793056,0.091339,9
NEO,GRT,both,14.304805,0.588929,7
NKN,GRT,both,3.828235,0.098802,10
OGN,GRT,both,13.550475,0.248165,5
ONG,GRT,both,2.369485,0.035764,4
ONT,GRT,both,7.561273,0.149453,6
OXT,GRT,both,31.812229,0.358072,3
PAXG,GRT,both,4.163130,0.041455,7
QTUM,GRT,both,12.079420,0.658728,7
RLC,GRT,both,7.219380,0.262377,7
ROSE,GRT,both,15.642811,0.251896,4
RSR,GRT,both,11.179402,0.289524,8
RUNE,GRT,both,13.179397,0.369750,6
SAND,GRT,both,22.531278,0.289188,4
SKL,GRT,both,14.219442,0.375641,6
SOL,GRT,both,13.829939,0.640087,6
STORJ,GRT,both,4.230880,0.122332,8
STRAX,GRT,both,7.700370,0.143368,8
SUN,GRT,both,9.046283,0.426923,6
SUSHI,GRT,both,8.003521,0.199806,6
SXP,GRT,both,7.423168,0.267303,7
TRB,GRT,both,10.992858,0.448656,6
TRX,GRT,both,17.986957,0.577160,5
UNI,GRT,both,2.400064,0.044668,6
UTK,GRT,both,2.606739,0.036726,7
VET,GRT,both,15.964031,0.906091,8
WAN,GRT,both,8.587695,0.176781,5
WIN,GRT,both,7.634329,0.242606,6
XLM,GRT,both,6.681839,0.148376,5
XTZ,GRT,both,12.618791,0.455358,8
XVS,GRT,both,4.832407,0.092894,4
YFI,GRT,both,15.662765,0.320794,6
ZEC,GRT,both,4.093783,0.071921,7
ZEN,GRT,both,3.919001,0.123207,8
ZIL,GRT,both,6.647817,0.128910,5
ZRX,GRT,both,8.730937,0.346423,9
JUV,HOT,both,3.871146,0.016599,2
XVS,HOT,both,2.456497,0.393931,81
CTK,ICX,both,3.884931,0.639069,56
FET,INJ,both,2.047588,0.490758,72
KAVA,INJ,both,2.223709,0.504608,76
LUNA,INJ,both,2.068727,0.544251,92
NKN,INJ,both,3.104482,1.169693,77
ONT,INJ,both,2.463308,0.757330,70
QTUM,INJ,both,2.372993,0.692869,79
RVN,INJ,both,2.625733,0.810118,64
XLM,INJ,both,2.907511,0.929676,70
XRP,INJ,both,2.608826,0.803432,63
XVS,IOST,both,3.403767,0.710020,85
INJ,IOTA,both,2.264781,0.380059,71
CTK,JST,both,2.710925,0.400197,59
USDC,JST,both,2.004393,1.023010,144
AAVE,JUV,both,14.009442,0.119176,5
ADA,JUV,both,37.750795,0.191125,2
ALGO,JUV,both,10.697017,0.096807,5
ARDR,JUV,both,7.528256,0.069165,2
ARPA,JUV,both,4.582998,0.055480,6
ATOM,JUV,both,19.275824,0.189624,5
BAND,JUV,both,16.583336,0.071690,4
BCH,JUV,both,10.288649,0.083436,2
BEL,JUV,both,112.364387,0.069718,2
BNB,JUV,both,27.502843,0.239486,3
BTC,JUV,both,2.844764,0.044157,3
COMP,JUV,both,8.392613,0.075440,3
COS,JUV,both,4.583768,0.059934,3
CRV,JUV,both,15.567901,0.185095,3
CTK,JUV,both,14.123211,0.107422,2
CVC,JUV,both,5.671100,0.062624,3
DCR,JUV,both,4.253806,0.036023,3
DOT,JUV,both,24.264786,0.353602,2
EGLD,JUV,both,3.910165,0.055594,2
ETH,JUV,both,19.035770,0.168232,4
FET,JUV,both,16.452986,0.072104,3
FTT,JUV,both,18.415102,0.206954,2
FUN,JUV,both,19.975112,0.054741,5
HBAR,JUV,both,6.965347,0.057448,4
HIVE,JUV,both,20.870025,0.042115,2
HOT,JUV,both,75.202166,0.065061,2
ICX,JUV,both,12.622965,0.179758,4
IOTA,JUV,both,2.760510,0.013610,4
IOTX,JUV,both,2.158054,0.008148,3
KAVA,JUV,both,6.372493,0.039931,5
KNC,JUV,both,10.951020,0.060697,3
KSM,JUV,both,38.369442,0.335365,3
LINK,JUV,both,11.225370,0.047440,2
LTC,JUV,both,174.581971,0.083600,2
LUNA,JUV,both,9.239048,0.124199,3
MKR,JUV,both,8.432303,0.054985,3
NEAR,JUV,both,8.478365,0.079627,3
NEO,JUV,both,3.394689,0.011568,3
PAXG,JUV,both,9.150307,0.105443,3
QTUM,JUV,both,9.518888,0.099043,3
ROSE,JUV,both,8.167957,0.070309,2
RSR,JUV,both,40.085761,0.375870,4
RUNE,JUV,both,51.118030,0.284482,3
RVN,JUV,both,12.888180,0.045190,3
SOL,JUV,both,3.702496,0.064938,3
STRAX,JUV,both,20.124992,0.094415,2
TFUEL,JUV,both,13.569942,0.060483,3
THETA,JUV,both,45.270285,0.204162,2
UNI,JUV,both,13.023353,0.141030,2
UTK,JUV,both,15.625583,0.120788,4
XTZ,JUV,both,579.733224,0.135345,2
ZIL,JUV,both,19.867844,0.043249,2
UTK,KAVA,both,2.547212,0.600077,89
AXS,KSM,both,2.583231,0.390519,53
BCH,KSM,both,2.623344,0.856043,104
COMP,KSM,both,2.326111,0.866282,113
GRT,KSM,both,3.350394,0.052813,6
JUV,KSM,both,8.803332,0.033772,3
KNC,KSM,both,2.057973,0.605975,121
LTC,KSM,both,2.476118,0.794038,100
PSG,KSM,both,9.596577,0.019908,3
ROSE,KSM,both,2.128460,0.216394,40
SKL,KSM,both,2.494328,0.157736,20
UTK,KSM,both,3.000105,0.738784,89
WIN,KSM,both,2.705605,1.136516,94
XRP,KSM,both,2.264703,0.765880,107
BCH,LINK,both,2.212386,6.870442,304
BEL,LINK,both,2.018088,0.455801,92
COMP,LINK,both,3.136696,3.273650,159
JST,LINK,both,2.264705,1.032251,106
LRC,LINK,both,2.079022,1.774911,176
MBL,LINK,both,2.887749,7.866352,281
ROSE,LINK,both,3.392257,0.224989,28
RVN,LINK,both,2.139972,8.742126,402
GRT,LRC,both,5.870179,0.135545,6
JUV,LRC,both,84.971120,0.161744,2
PSG,LRC,both,20.196763,0.060372,3
XVS,LRC,both,2.905798,0.798003,76
BEL,LTC,both,2.377088,0.723014,102
INJ,LTC,both,2.613835,0.548599,74
JST,LTC,both,2.297137,0.971830,108
RSR,LTC,both,2.392063,0.673824,89
UTK,LTC,both,3.770750,1.148603,82
XVS,LTC,both,3.093451,0.916385,79
GRT,LUNA,both,4.739008,0.074122,8
JUV,LUNA,both,5.302085,0.021287,3
JUV,MANA,both,3.561341,0.022181,2
WIN,MANA,both,2.474243,0.962758,132
XVS,MANA,both,2.960239,0.715145,83
JUV,MBL,both,18.637745,0.052764,2
LUNA,MKR,both,2.106019,0.525193,167
AVA,MTL,both,3.194714,0.272038,33
JUV,MTL,both,9.830787,0.052003,4
PSG,MTL,both,90.134437,0.139918,2
SUN,MTL,both,2.201244,0.486114,93
UTK,MTL,both,5.295794,1.503595,89
ALGO,NEAR,both,2.295244,0.526781,70
ARDR,NEAR,both,3.499272,1.239901,86
ATOM,NEAR,both,2.484244,0.648672,63
AVA,NEAR,both,2.009037,0.133953,36
AVAX,NEAR,both,3.275558,1.020273,68
BAND,NEAR,both,2.496022,0.664782,71
BAT,NEAR,both,2.300465,0.608446,65
BCH,NEAR,both,2.819443,0.719826,73
BEL,NEAR,both,3.900532,1.321238,67
BNT,NEAR,both,3.633493,1.285667,65
BTC,NEAR,both,2.575972,0.633775,68
CELR,NEAR,both,3.903074,1.306721,81
CHR,NEAR,both,2.793212,0.774727,75
CHZ,NEAR,both,2.866511,0.785305,84
COMP,NEAR,both,5.620590,3.334509,70
COTI,NEAR,both,2.635518,0.737823,71
CRV,NEAR,both,2.808162,0.805727,63
CTSI,NEAR,both,2.076100,0.445034,82
DASH,NEAR,both,2.016044,0.443397,63
DIA,NEAR,both,3.244584,1.087898,78
DOT,NEAR,both,2.046292,0.432577,63
DUSK,NEAR,both,5.055730,2.124966,84
EGLD,NEAR,both,2.088451,0.523478,83
ENJ,NEAR,both,5.330014,2.081326,71
ETC,NEAR,both,3.839611,1.424780,71
ETH,NEAR,both,3.554422,1.130957,66
FET,NEAR,both,3.591596,1.372110,75
FLM,NEAR,both,3.278425,1.129537,51
HIVE,NEAR,both,2.461359,0.659552,84
HOT,NEAR,both,3.569562,1.283158,83
ICX,NEAR,both,4.671215,1.920717,74
INJ,NEAR,both,2.142234,0.448691,82
IOST,NEAR,both,3.351521,1.068533,68
IOTA,NEAR,both,2.519820,0.639905,73
IOTX,NEAR,both,2.842817,0.825274,72
JST,NEAR,both,3.831207,1.412989,74
JUV,NEAR,both,11.221856,0.100329,3
KAVA,NEAR,both,3.899821,1.522947,67
KNC,NEAR,both,3.054206,1.057593,78
KSM,NEAR,both,2.480753,0.654109,70
LINK,NEAR,both,3.919762,1.530707,62
LRC,NEAR,both,2.095304,0.421992,71
LSK,NEAR,both,3.627389,1.153355,77
LTC,NEAR,both,2.051574,0.499754,66
LUNA,NEAR,both,2.915404,0.777498,99
MDT,NEAR,both,3.059190,0.846755,89
MKR,NEAR,both,3.744533,1.198425,64
NEO,NEAR,both,4.158555,1.593790,72
NKN,NEAR,both,3.555042,1.379585,85
OGN,NEAR,both,2.954318,0.911212,73
ONE,NEAR,both,2.492142,0.575891,87
ONT,NEAR,both,4.656176,1.777686,62
PAXG,NEAR,both,2.481179,0.628928,88
PSG,NEAR,both,8.211809,0.077909,4
QTUM,NEAR,both,2.811980,0.644046,67
RVN,NEAR,both,2.843749,0.834051,80
SAND,NEAR,both,3.626701,1.284189,80
SC,NEAR,both,2.138857,0.472037,78
SKL,NEAR,both,5.519373,0.326372,23
SOL,NEAR,both,2.184530,0.528470,70
STORJ,NEAR,both,3.397764,1.111853,64
STX,NEAR,both,2.051887,0.456186,84
SUN,NEAR,both,2.476866,0.691303,72
SUSHI,NEAR,both,3.103078,0.950193,67
SXP,NEAR,both,2.398606,0.580962,74
TFUEL,NEAR,both,5.655146,3.051430,81
THETA,NEAR,both,5.110115,2.784447,70
TRB,NEAR,both,3.422777,1.139356,69
TRX,NEAR,both,3.555074,1.259456,70
TUSD,NEAR,both,2.019111,0.445469,94
UMA,NEAR,both,3.156454,1.057176,80
USDC,NEAR,both,2.322633,0.575814,91
UTK,NEAR,both,2.858395,0.928822,80
VET,NEAR,both,2.724264,0.708544,73
VTHO,NEAR,both,3.657963,1.170043,82
WAN,NEAR,both,3.080284,0.967659,85
WIN,NEAR,both,4.995215,2.056572,63
XRP,NEAR,both,2.586746,0.661022,75
XTZ,NEAR,both,4.087328,1.314761,64
XVS,NEAR,both,4.237143,1.421168,72
YFI,NEAR,both,2.258081,0.540131,64
ZEC,NEAR,both,4.422537,1.868466,66
ZIL,NEAR,both,4.348955,1.866142,68
UTK,NEO,both,2.065092,0.309337,85
XVS,NEO,both,3.280820,0.683635,78
JUV,ONE,both,11.283545,0.109714,4
PSG,ONE,both,9.974498,0.089434,4
XVS,ONE,both,3.194798,0.645947,83
JST,ONG,both,2.219000,1.209956,109
PSG,ONG,both,2.249770,0.013393,3
UTK,ONG,both,2.959114,1.330803,78
XVS,ONT,both,2.797359,0.570948,84
AAVE,PSG,both,15.589573,0.129711,5
ADA,PSG,both,12.873553,0.132008,3
ALGO,PSG,both,5.503557,0.045159,5
ARDR,PSG,both,2.297411,0.014219,2
ARPA,PSG,both,5.130447,0.115606,3
ATOM,PSG,both,18.125103,0.175011,5
BAND,PSG,both,14.624623,0.065812,4
BCH,PSG,both,17.169286,0.117547,4
BEL,PSG,both,16.405943,0.082349,2
BNT,PSG,both,12.755750,0.072916,2
BTC,PSG,both,4.911132,0.077276,3
CHR,PSG,both,4.208862,0.026299,4
COMP,PSG,both,11.891654,0.108027,3
CRV,PSG,both,4.683277,0.052331,3
CTK,PSG,both,4.207760,0.052584,3
DIA,PSG,both,5.398512,0.032488,5
DOGE,PSG,both,97.515859,0.240885,2
DOT,PSG,both,22.860885,0.354644,2
EGLD,PSG,both,9.130435,0.113438,3
ETH,PSG,both,22.570514,0.147954,5
EUR,PSG,both,2.616448,0.034745,3
FET,PSG,both,11.796433,0.056163,4
FTT,PSG,both,13.520232,0.104321,2
FUN,PSG,both,17.958105,0.089293,5
HIVE,PSG,both,16.085235,0.032369,3
HOT,PSG,both,25.844760,0.150037,2
ICX,PSG,both,14.254040,0.215383,4
JST,PSG,both,8.615601,0.057408,4
KNC,PSG,both,23.606577,0.084041,2
KSM,PSG,both,39.718961,0.362618,3
LRC,PSG,both,11.059237,0.092141,3
LUNA,PSG,both,10.439905,0.110926,4
MKR,PSG,both,10.814739,0.066807,4
NEAR,PSG,both,6.429108,0.047743,4
PAXG,PSG,both,6.700275,0.071439,3
QTUM,PSG,both,8.602633,0.066296,3
ROSE,PSG,both,9.951681,0.071906,3
RSR,PSG,both,34.282284,0.381011,4
RUNE,PSG,both,46.025388,0.323305,3
RVN,PSG,both,10.123717,0.051561,3
SOL,PSG,both,4.892627,0.095329,3
STRAX,PSG,both,16.208467,0.078619,2
SXP,PSG,both,2.836258,0.023381,3
TFUEL,PSG,both,9.475233,0.057812,3
THETA,PSG,both,37.582048,0.195586,2
UNI,PSG,both,13.080350,0.140231,2
UTK,PSG,both,9.469034,0.080951,5
VET,PSG,both,41.295005,0.184626,2
XTZ,PSG,both,7.701531,0.069868,3
ZIL,PSG,both,27.337515,0.057843,2
CTK,QTUM,both,2.216957,0.326073,57
UTK,QTUM,both,3.234922,0.708432,82
XVS,QTUM,both,2.749808,0.686571,82
BEL,RLC,both,2.540162,0.903145,98
FIL,RLC,both,3.342410,0.726276,77
FLM,RLC,both,2.249515,0.554902,73
INJ,RLC,both,3.144572,0.678982,79
JUV,RLC,both,6.842111,0.042434,2
KSM,RLC,both,2.232212,0.776021,110
ROSE,RLC,both,2.754351,0.230867,35
RUNE,RLC,both,2.037100,0.627459,109
SKL,RLC,both,2.004411,0.087654,25
SUN,RLC,both,2.917969,0.895737,95
XVS,RLC,both,3.522336,1.093737,80
FTT,ROSE,both,2.140182,0.170212,37
GRT,ROSE,both,4.848623,0.024862,4
ICX,ROSE,both,2.006939,0.173286,33
JUV,ROSE,both,63.464590,0.045534,2
NKN,ROSE,both,2.317437,0.225220,41
SNX,ROSE,both,2.160761,0.202007,39
FLM,RSR,both,2.284059,0.951492,71
GRT,RSR,both,4.731640,0.312864,8
INJ,RSR,both,2.188303,0.549293,76
JUV,RSR,both,10.010093,0.448223,4
NEO,RSR,both,2.037538,1.123305,95
PSG,RSR,both,10.368746,0.471380,4
UTK,RSR,both,2.821203,1.258224,77
XVS,RSR,both,2.019444,0.575593,84
BTC,RUNE,both,2.891840,1.581305,96
CHZ,RUNE,both,2.043342,0.896049,113
FTT,RUNE,both,2.075079,0.915649,96
GRT,RUNE,both,3.768342,0.080547,6
IOTX,RUNE,both,2.113874,0.982924,109
LRC,RUNE,both,2.566969,1.654079,104
OGN,RUNE,both,2.369935,1.106213,108
ONG,RUNE,both,2.022257,0.785949,105
OXT,RUNE,both,2.510800,0.996784,103
WIN,RUNE,both,2.424183,1.130703,101
XVS,RUNE,both,3.425337,1.428922,78
ZIL,RUNE,both,2.054750,0.817060,101
BCH,SAND,both,2.536864,1.867787,120
LRC,SAND,both,2.733622,1.633321,133
JUV,SC,both,4.436997,0.009592,3
TUSD,SC,both,2.046335,1.290258,194
WIN,SC,both,2.020690,1.229475,169
ADA,SKL,both,2.696148,0.195206,22
ALGO,SKL,both,6.458640,0.655205,18
ANKR,SKL,both,6.095644,0.692418,23
ARPA,SKL,both,3.498606,0.304263,27
ATOM,SKL,both,2.523523,0.154159,16
AVAX,SKL,both,5.757576,0.599037,22
BAND,SKL,both,4.957111,0.514087,21
BEL,SKL,both,4.178208,0.452315,19
BTC,SKL,both,6.945299,0.753033,20
COMP,SKL,both,2.583924,0.158443,24
COS,SKL,both,4.127758,0.410544,25
CTK,SKL,both,4.785717,0.566414,19
DASH,SKL,both,2.281242,0.159161,25
DCR,SKL,both,3.687560,0.277088,26
EUR,SKL,both,2.021166,0.134977,31
FET,SKL,both,9.755240,1.379266,22
FTT,SKL,both,3.992931,0.423493,22
HIVE,SKL,both,3.778881,0.311904,24
INJ,SKL,both,2.756689,0.258276,30
JUV,SKL,both,7.102660,0.036133,3
KSM,SKL,both,3.885232,0.342941,20
PAXG,SKL,both,2.574998,0.180558,25
PSG,SKL,both,3.717240,0.020373,3
RUNE,SKL,both,3.582012,0.375112,26
SNX,SKL,both,3.533857,0.422055,27
STX,SKL,both,5.983115,0.532287,24
THETA,SKL,both,3.074106,0.475998,22
TRB,SKL,both,5.684906,0.355481,19
TUSD,SKL,both,3.510058,0.322465,22
USDC,SKL,both,5.999674,0.608553,21
VET,SKL,both,3.001412,0.232479,17
WIN,SKL,both,3.117158,0.248034,24
XVS,SKL,both,4.832644,0.521134,24
ZEN,SKL,both,2.009330,0.115791,18
ZIL,SKL,both,6.254868,1.013537,22
FLM,SNX,both,2.503703,0.738645,76
BCH,SOL,both,2.932504,2.011254,117
BTC,SOL,both,2.730804,1.737023,107
COTI,SOL,both,2.881454,2.536895,118
DASH,SOL,both,2.223307,1.246731,122
ETC,SOL,both,2.996945,2.425805,132
ETH,SOL,both,2.589753,1.465423,113
FIL,SOL,both,3.541378,0.957628,69
GRT,SOL,both,13.880860,0.317990,6
JUV,SOL,both,20.836515,0.236103,3
LTC,SOL,both,2.849343,1.719932,122
LUNA,SOL,both,3.414588,2.669877,168
MKR,SOL,both,2.403190,1.337053,125
ONE,SOL,both,2.024482,1.055737,139
ONT,SOL,both,2.677871,1.922209,117
PSG,SOL,both,20.979576,0.223731,3
ROSE,SOL,both,3.241307,0.399202,34
SKL,SOL,both,4.204282,0.276657,22
THETA,SOL,both,2.082991,1.098766,128
UTK,SOL,both,2.127670,0.568697,95
XRP,SOL,both,2.226391,1.090214,107
XTZ,SOL,both,2.218146,1.069523,125
XVS,SOL,both,2.330555,0.641679,86
BAND,STORJ,both,2.539779,1.817690,122
BCH,STORJ,both,4.461976,8.277341,120
BEL,STORJ,both,3.454040,1.651675,86
BNB,STORJ,both,2.181754,1.498555,128
BTC,STORJ,both,3.436429,3.778532,119
COMP,STORJ,both,3.141763,3.118296,125
COTI,STORJ,both,2.538574,2.004625,132
CTSI,STORJ,both,3.086509,3.502412,144
DASH,STORJ,both,3.475865,3.322968,123
DENT,STORJ,both,2.844142,3.137817,151
ETH,STORJ,both,3.107513,3.362091,118
FLM,STORJ,both,2.424345,0.692203,66
FTT,STORJ,both,2.998804,2.886586,121
HOT,STORJ,both,2.274845,1.714807,144
JST,STORJ,both,3.087845,2.607736,112
KNC,STORJ,both,2.560714,1.644171,149
LRC,STORJ,both,2.148932,1.471510,135
LTC,STORJ,both,3.145129,3.432126,127
LUNA,STORJ,both,2.088547,0.785271,160
MDT,STORJ,both,2.299164,1.634311,173
OGN,STORJ,both,2.077141,1.235469,140
RUNE,STORJ,both,2.141974,0.695560,101
TFUEL,STORJ,both,3.143427,3.694506,155
THETA,STORJ,both,2.686715,2.404148,159
TRX,STORJ,both,2.702505,2.394303,117
TUSD,STORJ,both,2.591917,2.347643,168
USDC,STORJ,both,2.642964,2.335596,153
UTK,STORJ,both,3.082385,0.856753,83
VET,STORJ,both,3.965429,6.492369,131
VTHO,STORJ,both,3.162939,3.895458,160
WAN,STORJ,both,2.527730,2.053752,152
WIN,STORJ,both,3.099248,3.152331,129
ZEC,STORJ,both,2.329559,1.489318,122
ZIL,STORJ,both,3.497422,5.017098,134
CHZ,STRAX,both,3.742139,0.515890,36
DATA,STRAX,both,2.016956,0.199055,37
THETA,STRAX,both,2.045555,0.208109,39
TUSD,STRAX,both,5.668607,0.545154,35
USDC,STRAX,both,3.813805,0.327486,39
ADA,SUN,both,3.143778,1.122011,77
ARPA,SUN,both,2.198828,0.591203,92
ATOM,SUN,both,2.204028,0.658532,84
AUDIO,SUN,both,2.037285,0.396518,68
BAND,SUN,both,2.216885,0.592196,87
BCH,SUN,both,3.557375,1.659595,70
BEL,SUN,both,2.851779,0.989713,89
BTC,SUN,both,4.312425,2.055268,67
COMP,SUN,both,3.229410,1.317929,95
CTK,SUN,both,2.177111,0.358568,62
DASH,SUN,both,2.602092,0.862818,87
DCR,SUN,both,2.185648,0.616599,98
DENT,SUN,both,2.237217,0.663853,101
EUR,SUN,both,2.228681,0.598938,97
IOST,SUN,both,2.100090,0.611890,89
JST,SUN,both,2.358258,0.730609,79
JUV,SUN,both,37.377283,0.091333,2
LINK,SUN,both,2.764684,0.846355,71
LRC,SUN,both,3.250345,1.104605,88
OGN,SUN,both,2.644987,0.827654,85
ONE,SUN,both,2.660676,0.881453,96
ONG,SUN,both,2.018753,0.540877,90
PAXG,SUN,both,3.126786,1.164063,95
PSG,SUN,both,7.770441,0.015705,3
RUNE,SUN,both,2.641621,0.909591,89
SC,SUN,both,2.654825,0.692682,87
TFUEL,SUN,both,2.421691,0.876586,107
VET,SUN,both,2.570892,0.816906,84
VTHO,SUN,both,3.195832,1.139416,95
WIN,SUN,both,2.510718,0.785223,78
XLM,SUN,both,2.765004,0.837178,74
XTZ,SUN,both,2.524544,0.809091,85
ZEC,SUN,both,2.248848,0.676569,86
AAVE,SUSHI,both,2.069691,0.568103,58
ADA,SUSHI,both,4.262033,7.536211,89
ALGO,SUSHI,both,2.883692,2.610020,88
AVAX,SUSHI,both,3.287099,2.668779,78
BAND,SUSHI,both,5.233500,17.796231,86
BAT,SUSHI,both,4.854862,9.886308,89
BCH,SUSHI,both,3.801976,5.052783,105
BEL,SUSHI,both,4.282430,3.968935,92
BNB,SUSHI,both,3.671609,4.352689,82
BNT,SUSHI,both,4.169553,5.639609,92
BTC,SUSHI,both,4.556927,10.104405,91
CELR,SUSHI,both,2.830766,2.924570,124
CHZ,SUSHI,both,4.695127,7.347302,108
COMP,SUSHI,both,3.590375,5.369766,90
COS,SUSHI,both,2.647218,2.296824,121
CRV,SUSHI,both,2.872355,2.446629,72
CTK,SUSHI,both,3.734603,1.715592,64
DASH,SUSHI,both,3.926613,5.388489,98
DATA,SUSHI,both,5.286031,15.494118,95
DCR,SUSHI,both,2.775095,2.107156,126
DENT,SUSHI,both,3.249485,3.608469,120
DGB,SUSHI,both,4.924646,10.554158,100
DIA,SUSHI,both,3.458377,4.008011,107
DOT,SUSHI,both,2.377198,1.444843,79
DUSK,SUSHI,both,4.155434,8.473469,106
ETC,SUSHI,both,4.177823,7.329101,95
ETH,SUSHI,both,5.492276,11.556898,84
EUR,SUSHI,both,3.000539,2.593137,124
FET,SUSHI,both,3.267542,3.001760,110
FIL,SUSHI,both,4.236535,4.402399,68
FLM,SUSHI,both,4.198283,4.296798,66
FTT,SUSHI,both,3.439910,3.566154,100
GRT,SUSHI,both,2.198201,0.045198,6
HBAR,SUSHI,both,4.970600,11.127218,111
ICX,SUSHI,both,3.687791,5.384624,102
INJ,SUSHI,both,2.451258,0.654566,90
IOST,SUSHI,both,3.421301,4.246691,109
IOTA,SUSHI,both,3.056607,2.830332,105
IOTX,SUSHI,both,3.156343,3.061157,114
JST,SUSHI,both,2.814483,2.439741,101
JUV,SUSHI,both,23.976218,0.251026,2
KAVA,SUSHI,both,4.100481,7.663698,91
LINK,SUSHI,both,3.898434,5.674815,83
LSK,SUSHI,both,2.945592,2.369385,126
LTC,SUSHI,both,3.093662,2.546738,91
MANA,SUSHI,both,3.328287,2.946872,108
MBL,SUSHI,both,2.690875,2.362733,121
MDT,SUSHI,both,2.928690,2.452732,134
MKR,SUSHI,both,5.015861,9.144256,95
NEO,SUSHI,both,4.911983,11.696435,85
NKN,SUSHI,both,2.859783,3.046990,121
NMR,SUSHI,both,4.399731,8.570240,102
OGN,SUSHI,both,3.419366,3.387082,103
ONG,SUSHI,both,3.084168,3.074356,90
ONT,SUSHI,both,4.474774,9.331677,78
OXT,SUSHI,both,3.505977,3.013127,106
PSG,SUSHI,both,23.714257,0.249565,2
QTUM,SUSHI,both,4.089519,7.916843,86
RLC,SUSHI,both,2.880213,2.581548,95
ROSE,SUSHI,both,4.187888,0.812848,38
RSR,SUSHI,both,2.469168,1.824251,94
SAND,SUSHI,both,3.399103,4.184744,100
SNX,SUSHI,both,3.895090,4.707462,111
STORJ,SUSHI,both,4.434942,7.932360,88
SUN,SUSHI,both,3.063220,1.775362,92
SXP,SUSHI,both,2.618817,1.957644,92
TFUEL,SUSHI,both,4.334353,8.115651,123
THETA,SUSHI,both,4.269022,7.916848,102
TRB,SUSHI,both,2.781590,2.204865,99
TRX,SUSHI,both,3.661543,4.185861,77
TUSD,SUSHI,both,2.685636,1.789656,118
UMA,SUSHI,both,5.027418,11.610758,86
UNI,SUSHI,both,2.705048,1.372970,66
USDC,SUSHI,both,3.142501,2.612608,106
UTK,SUSHI,both,5.463530,5.356919,87
WIN,SUSHI,both,3.633850,5.308619,90
XLM,SUSHI,both,5.454610,22.276022,87
XRP,SUSHI,both,4.681131,8.624401,92
XTZ,SUSHI,both,5.828375,29.113628,84
XVS,SUSHI,both,3.621094,2.969187,87
ZEC,SUSHI,both,4.019503,5.922149,95
ZEN,SUSHI,both,3.190343,3.884393,102
ZIL,SUSHI,both,3.712544,6.172375,91
BCH,SXP,both,2.845425,2.499196,123
JUV,SXP,both,19.205225,0.099513,3
PSG,SXP,both,18.999276,0.062703,3
SKL,SXP,both,2.920724,0.119972,21
TRX,SXP,both,2.305692,1.751791,131
ZIL,SXP,both,2.138587,1.479320,148
AVA,TFUEL,both,3.579071,0.655400,33
AVA,THETA,both,5.646762,0.881335,29
GRT,THETA,both,9.866817,0.399373,6
JST,THETA,both,2.457642,1.204748,125
JUV,THETA,both,12.131990,0.255503,2
PSG,THETA,both,11.952537,0.245141,2
SAND,THETA,both,2.335143,1.074309,140
SKL,THETA,both,4.884060,0.402498,22
STRAX,THETA,both,2.920030,0.384135,39
ICX,TRB,both,2.584193,1.437246,90
INJ,TRB,both,2.073223,0.356058,74
LUNA,TRB,both,2.772009,1.682475,149
TFUEL,TRB,both,2.928903,1.891910,132
BEL,TRX,both,4.594899,1.230338,85
COMP,TRX,both,2.048195,1.007243,170
CTK,TRX,both,2.782562,0.354761,55
INJ,TRX,both,2.389449,0.347372,71
LRC,TRX,both,2.013166,1.077497,180
SNX,TRX,both,2.174600,1.225323,172
SOL,TRX,both,2.041454,0.748584,113
XVS,TRX,both,2.729381,0.600539,80
AUDIO,UMA,both,2.506551,0.434298,61
BTC,UMA,both,2.717674,0.966027,88
TFUEL,UMA,both,2.839459,1.527241,123
THETA,UMA,both,2.725898,1.619343,119
XLM,UMA,both,3.122209,1.726648,95
BAND,UNI,both,3.379609,1.668275,81
BCH,UNI,both,2.174102,0.814081,82
BNB,UNI,both,2.331130,0.795611,67
BNT,UNI,both,3.291703,1.775396,82
BTC,UNI,both,3.211455,1.371041,75
CHZ,UNI,both,2.653820,1.009032,102
COMP,UNI,both,2.103046,0.674880,88
COTI,UNI,both,2.697478,1.142076,85
DASH,UNI,both,2.272215,0.806035,84
DATA,UNI,both,2.135911,0.778312,95
DOGE,UNI,both,2.938320,1.376952,82
ETC,UNI,both,3.858310,2.288710,88
ETH,UNI,both,2.609655,0.964849,70
FIL,UNI,both,2.956615,0.724767,70
FTT,UNI,both,2.740888,1.039145,85
GRT,UNI,both,7.703408,0.230637,6
ICX,UNI,both,2.786394,0.979158,77
INJ,UNI,both,2.633969,0.719942,72
IOTX,UNI,both,2.789450,1.049010,93
JST,UNI,both,3.281440,1.615826,93
JUV,UNI,both,16.603063,0.286495,2
KAVA,UNI,both,2.072754,0.726798,81
LINK,UNI,both,2.392297,0.903074,66
MDT,UNI,both,2.505463,0.867501,116
PSG,UNI,both,16.603063,0.286495,2
QTUM,UNI,both,3.215166,1.344758,83
ROSE,UNI,both,4.084416,0.532841,31
RVN,UNI,both,2.438075,0.954213,94
SKL,UNI,both,2.632615,0.209563,23
SNX,UNI,both,3.001531,1.264089,86
STORJ,UNI,both,2.155719,0.741601,82
TFUEL,UNI,both,3.373350,1.346978,111
THETA,UNI,both,3.994357,2.128201,85
TRX,UNI,both,3.543401,1.780920,74
TUSD,UNI,both,2.120126,0.694841,106
UMA,UNI,both,2.739784,1.027040,87
USDC,UNI,both,2.565385,0.993119,102
WIN,UNI,both,2.011650,0.643092,78
XLM,UNI,both,2.856129,1.134955,76
XRP,UNI,both,4.564409,2.897714,80
XTZ,UNI,both,3.076912,1.336240,77
XVS,UNI,both,2.761965,0.837306,85
ZIL,UNI,both,3.323489,1.877293,91
BEL,VET,both,2.914324,1.024635,96
CTK,VET,both,3.968447,0.768192,59
ROSE,VET,both,3.096395,0.273748,35
UNI,VET,both,2.802447,0.810366,83
UTK,VET,both,3.239832,0.864035,89
XVS,VET,both,3.457910,0.884327,89
AUDIO,WIN,both,3.606203,0.544177,60
AVA,WIN,both,3.445668,0.185618,34
CTK,WIN,both,3.606943,0.368020,53
GRT,WIN,both,4.998596,0.078668,6
INJ,WIN,both,3.696344,0.549700,68
JUV,WIN,both,22.595232,0.078643,2
KSM,WIN,both,2.275634,0.513899,94
PSG,WIN,both,5.453082,0.043292,3
ROSE,WIN,both,3.849713,0.276042,37
XVS,WIN,both,5.210737,1.086333,78
AAVE,XLM,both,3.687649,2.034111,58
AUDIO,XLM,both,2.068694,0.622067,71
AVAX,XLM,both,2.011559,0.825114,83
AXS,XLM,both,2.622111,0.744963,48
BEL,XLM,both,2.537816,2.667235,99
BNT,XLM,both,2.048191,4.727884,258
BTC,XLM,both,2.016949,13.007403,463
COMP,XLM,both,2.973600,5.046410,156
CTK,XLM,both,2.865714,1.169843,52
EGLD,XLM,both,2.201725,1.185084,102
FIL,XLM,both,3.306101,2.295970,59
FLM,XLM,both,2.575500,1.512137,68
INJ,XLM,both,2.446885,0.894719,70
JST,XLM,both,2.942881,3.121890,101
LUNA,XLM,both,2.622121,0.961806,167
MKR,XLM,both,2.070932,1.044326,139
NMR,XLM,both,2.127653,1.343549,137
ROSE,XLM,both,2.202537,0.180806,29
RSR,XLM,both,2.109869,1.088091,99
RUNE,XLM,both,2.999162,2.492902,107
SAND,XLM,both,2.210040,1.480678,125
SOL,XLM,both,2.241688,1.700522,120
SUN,XLM,both,2.353975,1.118878,74
TRB,XLM,both,2.767991,2.057932,93
UNI,XLM,both,2.913307,1.816722,76
UTK,XLM,both,3.138370,1.760722,86
XVS,XLM,both,3.160377,1.989708,81
AAVE,XRP,both,2.979319,1.330552,63
BEL,XRP,both,2.655004,1.642982,103
COMP,XRP,both,2.777750,3.092665,157
CTK,XRP,both,3.135888,1.945411,47
DIA,XRP,both,2.133102,1.062965,105
EGLD,XRP,both,2.566294,2.638854,93
FLM,XRP,both,2.051303,0.881193,77
INJ,XRP,both,3.594946,2.506914,63
JST,XRP,both,2.185113,1.741464,109
JUV,XRP,both,426.754113,0.162372,2
PAXG,XRP,both,2.247199,1.283733,129
PSG,XRP,both,110.988312,0.131294,2
ROSE,XRP,both,2.971381,0.546893,29
RUNE,XRP,both,2.928939,2.182981,104
SKL,XRP,both,2.329961,0.217989,18
STORJ,XRP,both,2.077942,1.932086,126
UTK,XRP,both,2.982100,1.684809,92
XVS,XRP,both,2.935812,2.409317,80
XVS,XTZ,both,3.726933,0.776258,77
ADA,YFI,both,3.015063,4.536330,122
ALGO,YFI,both,3.630393,8.096585,114
ATOM,YFI,both,3.189635,6.085471,117
AXS,YFI,both,2.551481,0.430645,50
BAND,YFI,both,4.026192,9.978027,116
BAT,YFI,both,3.260751,3.796920,126
BCH,YFI,both,4.487451,19.702294,120
BTC,YFI,both,4.087064,10.630205,121
CELR,YFI,both,3.685460,10.098460,138
CHZ,YFI,both,4.421108,24.336998,139
COS,YFI,both,2.494386,2.012667,167
CTK,YFI,both,2.631755,0.709992,54
CTSI,YFI,both,2.268869,1.845193,154
DASH,YFI,both,3.513069,7.831037,124
DATA,YFI,both,4.611692,23.020860,144
DCR,YFI,both,3.032615,4.137185,155
DGB,YFI,both,2.975412,5.501185,138
DIA,YFI,both,3.070191,2.003141,104
DOGE,YFI,both,3.172595,5.467830,118
DOT,YFI,both,2.842195,3.309686,107
DUSK,YFI,both,3.546159,8.327371,136
ETC,YFI,both,3.786738,10.965439,118
ETH,YFI,both,4.758601,26.012552,110
EUR,YFI,both,2.586086,2.634388,162
FET,YFI,both,3.031537,4.408312,149
FIL,YFI,both,5.456529,3.236543,66
FLM,YFI,both,3.006103,1.119752,80
FUN,YFI,both,2.664242,3.225310,153
HBAR,YFI,both,3.157904,5.854591,142
HOT,YFI,both,2.826995,3.342089,140
ICX,YFI,both,4.656980,13.438574,122
INJ,YFI,both,2.362291,0.637675,71
IOST,YFI,both,4.849871,25.221206,123
IOTA,YFI,both,5.069917,44.988623,124
KAVA,YFI,both,2.873227,3.842542,124
KNC,YFI,both,4.173454,11.943417,128
LRC,YFI,both,3.280363,7.026912,117
LTC,YFI,both,3.891365,13.250806,116
LUNA,YFI,both,4.102366,8.120315,166
MANA,YFI,both,3.089439,6.423569,141
MBL,YFI,both,2.866749,4.697749,131
MDT,YFI,both,2.616236,3.693426,161
MKR,YFI,both,4.608251,17.768548,121
NEAR,YFI,both,2.185359,0.571416,64
NEO,YFI,both,4.574880,9.240678,128
NKN,YFI,both,3.291540,5.710031,146
NMR,YFI,both,2.232896,1.559046,143
OGN,YFI,both,2.484023,2.834345,126
ONE,YFI,both,2.278905,2.074291,134
OXT,YFI,both,4.013899,1.983648,97
QTUM,YFI,both,3.672525,7.638007,124
RVN,YFI,both,3.843143,13.751344,139
SC,YFI,both,3.635509,6.093457,139
STX,YFI,both,3.447153,7.837789,150
SUN,YFI,both,3.597465,2.180352,83
THETA,YFI,both,5.153346,28.094242,121
TRX,YFI,both,3.427311,5.088552,123
UNI,YFI,both,3.605186,2.652127,63
UTK,YFI,both,5.793834,5.071017,83
VTHO,YFI,both,3.143563,6.147364,143
WIN,YFI,both,3.342770,4.614651,134
XLM,YFI,both,3.882326,12.546394,118
XRP,YFI,both,4.046712,11.764822,115
XTZ,YFI,both,3.940420,11.561623,114
XVS,YFI,both,4.857380,2.811870,82
ZEC,YFI,both,3.402893,6.788412,119
ZEN,YFI,both,3.122821,6.848194,143
ZIL,YFI,both,3.551392,7.723437,123
AAVE,ZEC,both,2.262036,0.332097,61
BEL,ZEC,both,2.533697,0.710409,92
INJ,ZEC,both,3.579149,0.582083,69
XVS,ZEC,both,2.824674,0.656528,83
AAVE,ZEN,both,3.016271,1.430258,74
AUDIO,ZEN,both,2.435298,0.626650,73
AXS,ZEN,both,3.123071,0.760421,52
BEL,ZEN,both,2.253119,2.210859,103
CTK,ZEN,both,4.593425,4.028973,61
FIL,ZEN,both,4.064282,1.684292,69
FLM,ZEN,both,2.191004,0.653597,85
GRT,ZEN,both,3.850990,0.073482,8
INJ,ZEN,both,5.111850,3.621546,70
JUV,ZEN,both,12.786984,0.196160,3
PAXG,ZEN,both,3.438243,2.373777,136
PSG,ZEN,both,9.557171,0.118793,3
ROSE,ZEN,both,4.018794,0.544551,37
RUNE,ZEN,both,2.728083,1.434261,116
SKL,ZEN,both,4.258170,0.361763,18
TUSD,ZEN,both,2.389078,1.936062,189
USDC,ZEN,both,2.274978,1.770875,183
UTK,ZEN,both,2.864420,1.522776,91
XVS,ZEN,both,5.062401,5.034084,78
AVA,ZIL,both,2.197956,0.241580,34
GRT,ZIL,both,3.642971,0.147369,5
LRC,ZIL,both,2.283794,2.014768,186
ROSE,ZIL,both,2.792398,0.423061,39
COMP,ZRX,both,2.093298,1.256746,164
JST,ZRX,both,2.134920,0.877423,115
